{"type": "FeatureCollection", "features": [{"type": "Feature", "properties": {"행정코드": "4146125000", "동": "포곡읍", "구": "처인구"}, "geometry": {"type": "MultiPolygon", "coordinates": [[[[127.2786, 37.30544], [127.28042, 37.30146], [127.28166, 37.29805], [127.28169, 37.29795], [127.2817, 37.2979], [127.28169, 37.2978], [127.28169, 37.29773], [127.28166, 37.29755], [127.28157, 37.29715], [127.28152, 37.29696], [127.27839, 37.29119], [127.27821, 37.29094], [127.2778, 37.2904], [127.27711, 37.28985], [127.27708, 37.28981], [127.27706, 37.28978], [127.27446, 37.28658], [127.27053, 37.28366], [127.26936, 37.28285], [127.26813, 37.28201], [127.26763, 37.28181], [127.26639, 37.28128], [127.2663, 37.28122], [127.26381, 37.27929], [127.262, 37.27783], [127.25991, 37.27586], [127.25981, 37.27576], [127.25972, 37.27567], [127.25883, 37.27458], [127.25641, 37.27286], [127.25437, 37.27197], [127.252, 37.27006], [127.24976, 37.26736], [127.24965, 37.26714], [127.24951, 37.26691], [127.24938, 37.26674], [127.24929, 37.26663], [127.24922, 37.26655], [127.24914, 37.26649], [127.24903, 37.26642], [127.24325, 37.26253], [127.24024, 37.26117], [127.23868, 37.26086], [127.23684, 37.26066], [127.23587, 37.26004], [127.23201, 37.25966], [127.23179, 37.25969], [127.2317, 37.25972], [127.23157, 37.25977], [127.23034, 37.2602], [127.23028, 37.26023], [127.23018, 37.26028], [127.22996, 37.26044], [127.22635, 37.26421], [127.227, 37.26539], [127.22716, 37.26549], [127.22785, 37.26606], [127.22793, 37.26615], [127.22784, 37.26617], [127.22751, 37.26628], [127.22583, 37.26662], [127.22165, 37.26635], [127.22135, 37.26632], [127.22085, 37.26628], [127.21889, 37.26602], [127.21672, 37.26573], [127.21625, 37.26565], [127.21423, 37.26545], [127.21402, 37.26543], [127.21376, 37.26551], [127.21351, 37.26566], [127.21335, 37.26577], [127.21308, 37.26604], [127.21282, 37.26635], [127.21247, 37.2668], [127.21232, 37.267], [127.21165, 37.26819], [127.21152, 37.26845], [127.21134, 37.2688], [127.21116, 37.26917], [127.21103, 37.26953], [127.21073, 37.27047], [127.21064, 37.27055], [127.21059, 37.27058], [127.21049, 37.27065], [127.2104, 37.27068], [127.2096, 37.2708], [127.2095, 37.27081], [127.20937, 37.2708], [127.20928, 37.27076], [127.20838, 37.27027], [127.2083, 37.27023], [127.20767, 37.26949], [127.20504, 37.26878], [127.20275, 37.26891], [127.20267, 37.26891], [127.20261, 37.26887], [127.20256, 37.26883], [127.20253, 37.26873], [127.20252, 37.26858], [127.20202, 37.26645], [127.20097, 37.26451], [127.20066, 37.26459], [127.19882, 37.26526], [127.19712, 37.2661], [127.19582, 37.26704], [127.19521, 37.26782], [127.19505, 37.26796], [127.19418, 37.26858], [127.19068, 37.26994], [127.19059, 37.26993], [127.19046, 37.26992], [127.19038, 37.26987], [127.19033, 37.26984], [127.19025, 37.26978], [127.18723, 37.26759], [127.18364, 37.26665], [127.18338, 37.26658], [127.18309, 37.2666], [127.17925, 37.267], [127.17904, 37.26707], [127.17557, 37.26888], [127.17417, 37.26963], [127.17239, 37.27066], [127.1737, 37.27413], [127.17498, 37.27728], [127.1769, 37.28195], [127.17693, 37.2822], [127.17709, 37.2843], [127.17711, 37.28457], [127.17711, 37.28481], [127.1771, 37.28498], [127.17489, 37.28887], [127.17469, 37.28921], [127.17442, 37.28956], [127.17418, 37.28974], [127.17398, 37.28986], [127.17375, 37.29], [127.17328, 37.29021], [127.17271, 37.29041], [127.1719, 37.29068], [127.17177, 37.29076], [127.17165, 37.29086], [127.17054, 37.29186], [127.17046, 37.29194], [127.17045, 37.29196], [127.17043, 37.29202], [127.17044, 37.29206], [127.17046, 37.29227], [127.17054, 37.29272], [127.17059, 37.29285], [127.17068, 37.29296], [127.17086, 37.29309], [127.17098, 37.29318], [127.17129, 37.29339], [127.17154, 37.29358], [127.17168, 37.29375], [127.17176, 37.29389], [127.17179, 37.29397], [127.17191, 37.29465], [127.1719, 37.29482], [127.17163, 37.2962], [127.17159, 37.29636], [127.17149, 37.29661], [127.17015, 37.2997], [127.17017, 37.29974], [127.17021, 37.29978], [127.17026, 37.29984], [127.17035, 37.29993], [127.17066, 37.30022], [127.17091, 37.30044], [127.17367, 37.30283], [127.17541, 37.30426], [127.1755, 37.30432], [127.17607, 37.30476], [127.17612, 37.30481], [127.17616, 37.30486], [127.17622, 37.30503], [127.17629, 37.30524], [127.1763, 37.30534], [127.17632, 37.30549], [127.17634, 37.30614], [127.17632, 37.3063], [127.17629, 37.3064], [127.17618, 37.3066], [127.17613, 37.30672], [127.1761, 37.30681], [127.17604, 37.30703], [127.17603, 37.30715], [127.17602, 37.30728], [127.17601, 37.3074], [127.17602, 37.30753], [127.17603, 37.3076], [127.17604, 37.30767], [127.17607, 37.30771], [127.17613, 37.30774], [127.17957, 37.30904], [127.18139, 37.30972], [127.184, 37.31057], [127.18416, 37.31061], [127.18522, 37.31098], [127.18529, 37.31102], [127.18537, 37.3111], [127.18549, 37.31125], [127.18551, 37.31128], [127.1857, 37.31162], [127.18576, 37.31174], [127.18596, 37.31208], [127.18624, 37.31242], [127.18631, 37.31253], [127.18636, 37.31265], [127.1864, 37.31285], [127.18642, 37.31306], [127.18649, 37.31421], [127.1876, 37.31776], [127.18767, 37.31787], [127.1877, 37.31789], [127.18777, 37.31795], [127.1883, 37.31825], [127.18836, 37.31827], [127.18845, 37.31831], [127.19017, 37.31892], [127.1933, 37.32055], [127.19342, 37.32067], [127.19354, 37.32084], [127.19801, 37.32528], [127.19813, 37.32538], [127.19926, 37.3262], [127.19934, 37.32624], [127.20135, 37.32713], [127.20145, 37.32713], [127.20157, 37.32709], [127.20507, 37.32512], [127.20789, 37.32341], [127.20802, 37.32333], [127.20811, 37.32322], [127.2084, 37.32278], [127.20972, 37.32159], [127.2098, 37.32152], [127.21029, 37.32113], [127.21037, 37.32109], [127.21047, 37.32106], [127.2106, 37.32107], [127.21103, 37.32118], [127.21168, 37.32141], [127.21174, 37.32143], [127.21221, 37.32162], [127.21276, 37.32179], [127.2132, 37.32188], [127.21336, 37.32189], [127.21357, 37.32191], [127.2141, 37.32192], [127.22121, 37.32095], [127.22288, 37.32106], [127.22301, 37.32104], [127.22311, 37.321], [127.22338, 37.32091], [127.22391, 37.3207], [127.22839, 37.31849], [127.22949, 37.315], [127.22958, 37.3146], [127.22959, 37.31455], [127.2296, 37.31447], [127.22983, 37.31055], [127.23007, 37.306], [127.23308, 37.3048], [127.23312, 37.30484], [127.23321, 37.30485], [127.2333, 37.30483], [127.23541, 37.30412], [127.2357, 37.30402], [127.24024, 37.30214], [127.24309, 37.30095], [127.244, 37.30052], [127.24484, 37.29991], [127.24919, 37.29653], [127.2493, 37.29644], [127.24942, 37.29631], [127.25022, 37.29533], [127.25058, 37.29489], [127.2513, 37.29372], [127.25156, 37.29322], [127.25197, 37.29243], [127.25207, 37.29227], [127.25216, 37.29219], [127.25225, 37.29212], [127.25233, 37.29207], [127.25243, 37.29203], [127.25258, 37.292], [127.25274, 37.29199], [127.25297, 37.29198], [127.25312, 37.29198], [127.25329, 37.29199], [127.25429, 37.29219], [127.25447, 37.29222], [127.26123, 37.29404], [127.26137, 37.29412], [127.26399, 37.29562], [127.26639, 37.2973], [127.26983, 37.30006], [127.27202, 37.30198], [127.27209, 37.30208], [127.27214, 37.3022], [127.27217, 37.30233], [127.27218, 37.30245], [127.27216, 37.30256], [127.27213, 37.30265], [127.27212, 37.30268], [127.27211, 37.30272], [127.2721, 37.30276], [127.27206, 37.30304], [127.27207, 37.30318], [127.27518, 37.30473], [127.2754, 37.30483], [127.27549, 37.30487], [127.27556, 37.30488], [127.27562, 37.3049], [127.27773, 37.30534], [127.27779, 37.30535], [127.27789, 37.30537], [127.27806, 37.30539], [127.27815, 37.3054], [127.27821, 37.3054], [127.2786, 37.30544]]]]}}, {"type": "Feature", "properties": {"행정코드": "4146125300", "동": "모현읍", "구": "처인구"}, "geometry": {"type": "MultiPolygon", "coordinates": [[[[127.28334, 37.34531], [127.28316, 37.34404], [127.28347, 37.34152], [127.28367, 37.33856], [127.28367, 37.33847], [127.28324, 37.33659], [127.28323, 37.33654], [127.2832, 37.33649], [127.2829, 37.33616], [127.28266, 37.3359], [127.28186, 37.33506], [127.28182, 37.33502], [127.28176, 37.33499], [127.2817, 37.33496], [127.28167, 37.33494], [127.2816, 37.33491], [127.28154, 37.33489], [127.28146, 37.33486], [127.28133, 37.33484], [127.28125, 37.33481], [127.28122, 37.33479], [127.28114, 37.33476], [127.28111, 37.33474], [127.28105, 37.33466], [127.28099, 37.33459], [127.28097, 37.33455], [127.28097, 37.33452], [127.28096, 37.33447], [127.28095, 37.33442], [127.28096, 37.33435], [127.28098, 37.33426], [127.28101, 37.33421], [127.28104, 37.33415], [127.28106, 37.33412], [127.28107, 37.33409], [127.28109, 37.33406], [127.28111, 37.33399], [127.28111, 37.33389], [127.28111, 37.33383], [127.28106, 37.33371], [127.28096, 37.33348], [127.28093, 37.33342], [127.28082, 37.33322], [127.2808, 37.33318], [127.28077, 37.33312], [127.28074, 37.33308], [127.28015, 37.33219], [127.27979, 37.33013], [127.28004, 37.32858], [127.28005, 37.32855], [127.28006, 37.32849], [127.28009, 37.32842], [127.28013, 37.32837], [127.28022, 37.32825], [127.28037, 37.32808], [127.28042, 37.32804], [127.28048, 37.328], [127.28054, 37.32798], [127.28059, 37.32797], [127.28071, 37.32794], [127.28074, 37.32794], [127.28077, 37.32794], [127.28094, 37.32792], [127.28123, 37.32787], [127.28179, 37.32776], [127.28191, 37.32772], [127.2821, 37.32762], [127.28217, 37.32757], [127.28221, 37.32755], [127.28226, 37.3275], [127.28232, 37.32741], [127.28232, 37.32731], [127.28232, 37.32726], [127.28232, 37.32717], [127.28228, 37.32683], [127.28223, 37.32658], [127.28205, 37.32228], [127.28271, 37.32089], [127.28273, 37.32083], [127.28275, 37.32075], [127.2831, 37.31927], [127.28311, 37.31922], [127.28312, 37.31915], [127.28311, 37.31907], [127.28309, 37.31899], [127.28253, 37.3176], [127.28175, 37.31643], [127.28161, 37.31632], [127.28147, 37.31619], [127.28035, 37.31484], [127.27949, 37.31377], [127.2784, 37.31189], [127.27735, 37.30954], [127.27727, 37.30934], [127.27726, 37.30921], [127.27726, 37.30917], [127.27727, 37.30913], [127.27729, 37.30901], [127.27735, 37.30882], [127.27736, 37.30879], [127.2774, 37.30869], [127.27744, 37.3086], [127.27754, 37.30848], [127.27762, 37.30838], [127.27773, 37.30825], [127.27781, 37.30817], [127.27788, 37.3081], [127.27811, 37.30785], [127.27877, 37.30708], [127.27883, 37.30699], [127.2789, 37.30689], [127.27896, 37.30674], [127.27898, 37.30661], [127.27898, 37.30654], [127.27898, 37.30648], [127.27897, 37.30644], [127.27891, 37.30624], [127.27884, 37.30606], [127.2786, 37.30544], [127.27821, 37.3054], [127.27815, 37.3054], [127.27806, 37.30539], [127.27789, 37.30537], [127.27779, 37.30535], [127.27773, 37.30534], [127.27562, 37.3049], [127.27556, 37.30488], [127.27549, 37.30487], [127.2754, 37.30483], [127.27518, 37.30473], [127.27207, 37.30318], [127.27206, 37.30304], [127.2721, 37.30276], [127.27211, 37.30272], [127.27212, 37.30268], [127.27213, 37.30265], [127.27216, 37.30256], [127.27218, 37.30245], [127.27217, 37.30233], [127.27214, 37.3022], [127.27209, 37.30208], [127.27202, 37.30198], [127.26983, 37.30006], [127.26639, 37.2973], [127.26399, 37.29562], [127.26137, 37.29412], [127.26123, 37.29404], [127.25447, 37.29222], [127.25429, 37.29219], [127.25329, 37.29199], [127.25312, 37.29198], [127.25297, 37.29198], [127.25274, 37.29199], [127.25258, 37.292], [127.25243, 37.29203], [127.25233, 37.29207], [127.25225, 37.29212], [127.25216, 37.29219], [127.25207, 37.29227], [127.25197, 37.29243], [127.25156, 37.29322], [127.2513, 37.29372], [127.25058, 37.29489], [127.25022, 37.29533], [127.24942, 37.29631], [127.2493, 37.29644], [127.24919, 37.29653], [127.24484, 37.29991], [127.244, 37.30052], [127.24309, 37.30095], [127.24024, 37.30214], [127.2357, 37.30402], [127.23541, 37.30412], [127.2333, 37.30483], [127.23321, 37.30485], [127.23312, 37.30484], [127.23308, 37.3048], [127.23007, 37.306], [127.22983, 37.31055], [127.2296, 37.31447], [127.22959, 37.31455], [127.22958, 37.3146], [127.22949, 37.315], [127.22839, 37.31849], [127.22391, 37.3207], [127.22338, 37.32091], [127.22311, 37.321], [127.22301, 37.32104], [127.22288, 37.32106], [127.22121, 37.32095], [127.2141, 37.32192], [127.21357, 37.32191], [127.21336, 37.32189], [127.2132, 37.32188], [127.21276, 37.32179], [127.21221, 37.32162], [127.21174, 37.32143], [127.21168, 37.32141], [127.21103, 37.32118], [127.2106, 37.32107], [127.21047, 37.32106], [127.21037, 37.32109], [127.21029, 37.32113], [127.2098, 37.32152], [127.20972, 37.32159], [127.2084, 37.32278], [127.20811, 37.32322], [127.20802, 37.32333], [127.20789, 37.32341], [127.20507, 37.32512], [127.20157, 37.32709], [127.20145, 37.32713], [127.20135, 37.32713], [127.19934, 37.32624], [127.19926, 37.3262], [127.19813, 37.32538], [127.19801, 37.32528], [127.19354, 37.32084], [127.19342, 37.32067], [127.1933, 37.32055], [127.19017, 37.31892], [127.18845, 37.31831], [127.18836, 37.31827], [127.1883, 37.31825], [127.18777, 37.31795], [127.1877, 37.31789], [127.18767, 37.31787], [127.1876, 37.31776], [127.18649, 37.31421], [127.18642, 37.31306], [127.1864, 37.31285], [127.18636, 37.31265], [127.18631, 37.31253], [127.18624, 37.31242], [127.18596, 37.31208], [127.18576, 37.31174], [127.1857, 37.31162], [127.18551, 37.31128], [127.18549, 37.31125], [127.18537, 37.3111], [127.18529, 37.31102], [127.18522, 37.31098], [127.18416, 37.31061], [127.184, 37.31057], [127.18139, 37.30972], [127.17957, 37.30904], [127.17613, 37.30774], [127.17607, 37.30771], [127.17604, 37.30767], [127.17603, 37.3076], [127.17602, 37.30753], [127.17601, 37.3074], [127.17602, 37.30728], [127.17603, 37.30715], [127.17604, 37.30703], [127.1761, 37.30681], [127.17613, 37.30672], [127.17618, 37.3066], [127.17629, 37.3064], [127.17632, 37.3063], [127.17634, 37.30614], [127.17632, 37.30549], [127.1763, 37.30534], [127.17629, 37.30524], [127.17622, 37.30503], [127.17616, 37.30486], [127.17612, 37.30481], [127.17607, 37.30476], [127.1755, 37.30432], [127.17541, 37.30426], [127.17367, 37.30283], [127.17091, 37.30044], [127.17066, 37.30022], [127.17035, 37.29993], [127.17026, 37.29984], [127.17021, 37.29978], [127.17017, 37.29974], [127.17015, 37.2997], [127.16724, 37.30169], [127.16621, 37.30197], [127.16595, 37.30207], [127.16555, 37.30226], [127.1654, 37.30248], [127.16543, 37.30282], [127.16544, 37.30304], [127.16312, 37.30415], [127.16299, 37.30419], [127.16284, 37.3042], [127.15854, 37.30453], [127.15625, 37.30461], [127.1522, 37.30552], [127.15076, 37.30602], [127.14875, 37.3061], [127.1486, 37.30658], [127.14792, 37.3079], [127.14701, 37.30945], [127.14572, 37.31123], [127.14562, 37.31135], [127.14502, 37.31206], [127.14496, 37.31212], [127.14483, 37.31221], [127.14471, 37.31226], [127.14445, 37.31229], [127.14429, 37.3123], [127.14413, 37.31234], [127.14399, 37.31238], [127.14392, 37.31242], [127.14365, 37.3126], [127.14354, 37.3127], [127.14346, 37.31279], [127.14339, 37.31289], [127.14336, 37.31294], [127.14334, 37.31298], [127.14329, 37.31307], [127.14321, 37.31329], [127.14318, 37.31339], [127.1428, 37.31495], [127.14279, 37.31514], [127.14281, 37.31534], [127.14281, 37.31539], [127.14283, 37.31548], [127.14294, 37.31575], [127.14296, 37.3158], [127.14298, 37.31585], [127.14306, 37.31596], [127.14319, 37.31622], [127.14322, 37.31635], [127.14322, 37.31644], [127.14314, 37.31664], [127.14287, 37.31726], [127.14283, 37.31733], [127.14273, 37.3174], [127.14048, 37.31875], [127.13903, 37.31959], [127.13724, 37.32064], [127.13706, 37.32342], [127.13725, 37.32439], [127.13744, 37.32433], [127.13751, 37.32432], [127.13756, 37.32431], [127.13764, 37.32433], [127.13774, 37.32436], [127.1378, 37.3244], [127.13793, 37.32449], [127.13803, 37.32458], [127.13813, 37.32468], [127.13824, 37.32477], [127.13828, 37.3248], [127.13832, 37.32482], [127.13849, 37.32492], [127.13853, 37.32492], [127.13857, 37.32493], [127.13865, 37.32493], [127.13877, 37.32491], [127.13891, 37.32482], [127.13932, 37.32455], [127.13948, 37.3244], [127.13955, 37.32431], [127.13969, 37.3242], [127.13982, 37.32418], [127.13996, 37.32417], [127.14007, 37.32419], [127.14024, 37.32422], [127.14039, 37.32428], [127.14048, 37.32437], [127.14061, 37.32455], [127.1407, 37.3247], [127.14076, 37.32487], [127.14085, 37.32498], [127.14094, 37.32508], [127.14117, 37.32521], [127.14141, 37.32525], [127.14148, 37.32527], [127.1416, 37.32531], [127.14208, 37.32553], [127.14227, 37.32562], [127.14236, 37.32567], [127.1424, 37.32571], [127.14243, 37.32573], [127.14246, 37.32577], [127.14237, 37.3263], [127.14235, 37.32634], [127.14224, 37.32645], [127.14215, 37.32654], [127.14213, 37.32657], [127.14204, 37.32669], [127.14182, 37.32709], [127.14161, 37.32772], [127.14148, 37.32817], [127.14134, 37.32886], [127.14132, 37.32908], [127.14135, 37.33192], [127.14142, 37.33268], [127.14175, 37.33571], [127.14186, 37.33631], [127.14241, 37.33653], [127.14265, 37.3366], [127.14422, 37.33696], [127.14525, 37.33695], [127.14539, 37.33693], [127.14564, 37.33694], [127.14655, 37.3372], [127.14666, 37.33723], [127.1482, 37.3377], [127.14841, 37.3378], [127.1485, 37.33786], [127.15267, 37.34001], [127.15484, 37.34029], [127.15755, 37.34107], [127.16135, 37.3427], [127.16152, 37.34278], [127.16166, 37.34288], [127.16175, 37.34302], [127.16189, 37.3432], [127.16198, 37.34329], [127.16202, 37.3433], [127.16206, 37.34332], [127.17288, 37.34461], [127.17376, 37.34467], [127.17673, 37.34442], [127.17817, 37.34355], [127.17826, 37.34348], [127.17828, 37.34346], [127.17848, 37.34329], [127.17876, 37.34322], [127.18131, 37.34375], [127.1816, 37.34384], [127.1817, 37.34387], [127.1818, 37.34391], [127.1821, 37.34403], [127.18224, 37.34415], [127.18303, 37.34457], [127.18344, 37.34474], [127.1853, 37.34532], [127.19087, 37.34705], [127.19162, 37.34724], [127.19168, 37.34721], [127.19171, 37.34719], [127.19246, 37.34666], [127.19553, 37.34453], [127.19573, 37.34436], [127.19608, 37.34404], [127.19717, 37.34288], [127.19803, 37.34145], [127.19818, 37.34112], [127.19826, 37.33949], [127.1977, 37.33756], [127.19696, 37.33588], [127.19692, 37.33472], [127.19698, 37.33456], [127.19744, 37.33354], [127.20041, 37.32902], [127.20055, 37.32885], [127.20067, 37.32873], [127.20075, 37.32868], [127.20094, 37.32863], [127.20115, 37.32859], [127.20129, 37.32858], [127.20134, 37.32859], [127.20147, 37.32861], [127.20831, 37.33088], [127.20846, 37.331], [127.20896, 37.33154], [127.209, 37.3316], [127.20899, 37.33169], [127.20896, 37.33178], [127.21265, 37.33742], [127.21301, 37.33748], [127.21411, 37.33807], [127.2158, 37.33957], [127.21681, 37.34067], [127.2181, 37.34277], [127.21845, 37.34386], [127.21831, 37.34479], [127.21831, 37.34501], [127.21831, 37.34505], [127.21852, 37.34551], [127.21876, 37.34581], [127.21899, 37.34612], [127.21904, 37.34619], [127.21909, 37.34625], [127.21946, 37.34657], [127.21998, 37.34692], [127.2206, 37.34701], [127.22063, 37.34701], [127.22115, 37.34696], [127.22157, 37.34686], [127.22193, 37.34664], [127.22241, 37.34624], [127.22281, 37.3457], [127.22287, 37.34562], [127.22304, 37.34565], [127.2233, 37.34573], [127.22335, 37.34575], [127.22346, 37.3458], [127.22353, 37.34586], [127.22358, 37.34593], [127.22361, 37.34601], [127.22363, 37.34613], [127.22355, 37.34637], [127.2235, 37.34648], [127.22343, 37.34661], [127.2234, 37.34667], [127.22171, 37.34912], [127.22158, 37.3493], [127.22139, 37.34947], [127.21918, 37.3512], [127.21792, 37.3522], [127.21778, 37.35241], [127.2174, 37.35305], [127.2167, 37.35465], [127.21669, 37.35469], [127.21668, 37.35477], [127.21672, 37.35486], [127.21702, 37.35521], [127.21733, 37.35539], [127.21763, 37.35546], [127.21853, 37.35563], [127.21863, 37.35563], [127.21867, 37.35561], [127.21873, 37.35559], [127.21882, 37.35553], [127.21901, 37.35538], [127.21919, 37.35516], [127.21935, 37.35494], [127.21943, 37.35473], [127.21948, 37.35461], [127.21951, 37.35456], [127.21956, 37.35447], [127.2196, 37.35443], [127.21964, 37.35442], [127.21967, 37.3544], [127.21974, 37.35438], [127.21979, 37.35438], [127.22241, 37.35437], [127.22262, 37.35438], [127.22304, 37.3545], [127.22318, 37.35455], [127.22326, 37.35458], [127.22496, 37.35525], [127.22501, 37.35528], [127.22505, 37.35536], [127.22507, 37.3554], [127.22642, 37.35675], [127.22861, 37.3589], [127.2288, 37.35902], [127.22899, 37.3591], [127.22924, 37.35919], [127.22958, 37.35922], [127.23006, 37.35905], [127.23019, 37.35898], [127.23135, 37.35832], [127.23369, 37.35799], [127.23541, 37.35841], [127.23581, 37.35879], [127.23806, 37.36042], [127.23812, 37.3604], [127.23851, 37.36004], [127.23896, 37.35942], [127.239, 37.35936], [127.23901, 37.35933], [127.23903, 37.35926], [127.23903, 37.35908], [127.23903, 37.35889], [127.23902, 37.35864], [127.23898, 37.3585], [127.23887, 37.35801], [127.23884, 37.35785], [127.23882, 37.35758], [127.23878, 37.35711], [127.23878, 37.35646], [127.23879, 37.35636], [127.2388, 37.35619], [127.2389, 37.35553], [127.23895, 37.35532], [127.23903, 37.35511], [127.23915, 37.35493], [127.23941, 37.35456], [127.23948, 37.35448], [127.23959, 37.35435], [127.23982, 37.35416], [127.24008, 37.354], [127.24032, 37.35387], [127.24038, 37.35383], [127.24069, 37.35367], [127.24102, 37.3535], [127.24136, 37.35339], [127.2415, 37.35336], [127.24169, 37.35332], [127.24187, 37.35331], [127.2421, 37.35337], [127.24219, 37.35341], [127.24232, 37.35348], [127.24235, 37.35352], [127.2424, 37.35369], [127.24246, 37.35379], [127.24262, 37.35397], [127.24279, 37.35412], [127.24294, 37.35423], [127.24315, 37.35434], [127.24356, 37.35453], [127.24433, 37.35488], [127.24471, 37.35504], [127.24538, 37.35531], [127.24561, 37.35538], [127.2457, 37.35541], [127.24599, 37.3555], [127.24678, 37.35566], [127.24685, 37.35566], [127.24691, 37.35565], [127.25442, 37.35076], [127.25451, 37.35075], [127.25823, 37.34979], [127.25831, 37.34977], [127.25835, 37.34976], [127.25958, 37.34932], [127.25982, 37.34922], [127.26045, 37.34892], [127.26097, 37.34866], [127.26123, 37.3485], [127.26138, 37.3484], [127.26149, 37.34829], [127.26158, 37.34819], [127.26167, 37.34806], [127.26293, 37.34607], [127.26335, 37.34491], [127.26349, 37.34444], [127.26355, 37.34431], [127.26358, 37.34423], [127.26361, 37.34418], [127.26369, 37.34407], [127.26376, 37.34397], [127.2638, 37.34392], [127.26384, 37.34388], [127.26388, 37.34384], [127.26496, 37.34273], [127.265, 37.3427], [127.26503, 37.34268], [127.26875, 37.34235], [127.26881, 37.34235], [127.26892, 37.34235], [127.26903, 37.34236], [127.26914, 37.34237], [127.27024, 37.34246], [127.27342, 37.34273], [127.27442, 37.34293], [127.27545, 37.34316], [127.2764, 37.34386], [127.27676, 37.34409], [127.27733, 37.34441], [127.27748, 37.34449], [127.2803, 37.34599], [127.28039, 37.34603], [127.28063, 37.34613], [127.2808, 37.34616], [127.28093, 37.34618], [127.28106, 37.34618], [127.28121, 37.34616], [127.28127, 37.34615], [127.28135, 37.34614], [127.28148, 37.34611], [127.28296, 37.34548], [127.28334, 37.34531]]]]}}, {"type": "Feature", "properties": {"행정코드": "4146125900", "동": "남사읍", "구": "처인구"}, "geometry": {"type": "MultiPolygon", "coordinates": [[[[127.1887, 37.08636], [127.18623, 37.08449], [127.18421, 37.08607], [127.18387, 37.08624], [127.18212, 37.08707], [127.1819, 37.08715], [127.17921, 37.08759], [127.17904, 37.08761], [127.17886, 37.08762], [127.17626, 37.08767], [127.17558, 37.08743], [127.17546, 37.08738], [127.17385, 37.08651], [127.17381, 37.08643], [127.17377, 37.08625], [127.17376, 37.08608], [127.17371, 37.086], [127.17368, 37.08599], [127.17364, 37.08597], [127.17357, 37.08595], [127.17308, 37.08587], [127.17252, 37.0859], [127.17137, 37.08599], [127.17095, 37.08603], [127.17074, 37.08605], [127.1662, 37.0866], [127.16611, 37.08662], [127.16606, 37.08663], [127.16349, 37.08766], [127.1633, 37.08773], [127.16318, 37.08779], [127.16308, 37.08784], [127.16305, 37.08786], [127.16297, 37.08794], [127.16293, 37.08797], [127.16287, 37.08806], [127.16277, 37.08818], [127.16261, 37.08839], [127.1625, 37.08852], [127.1624, 37.0886], [127.16223, 37.08872], [127.16204, 37.0888], [127.1618, 37.0889], [127.1616, 37.08897], [127.16152, 37.089], [127.15773, 37.09013], [127.1537, 37.09101], [127.14643, 37.09141], [127.14628, 37.09141], [127.14498, 37.091], [127.14483, 37.09094], [127.14471, 37.09085], [127.14437, 37.09055], [127.14415, 37.09035], [127.14413, 37.09027], [127.14411, 37.09018], [127.1441, 37.09008], [127.14408, 37.08999], [127.14402, 37.08988], [127.144, 37.08985], [127.14239, 37.08794], [127.14236, 37.0879], [127.14231, 37.08788], [127.14221, 37.08784], [127.14211, 37.08783], [127.14197, 37.08787], [127.14114, 37.08806], [127.1374, 37.08911], [127.13734, 37.08914], [127.13726, 37.08919], [127.1372, 37.08926], [127.13597, 37.09081], [127.1359, 37.09097], [127.13589, 37.09144], [127.13586, 37.09158], [127.13579, 37.09169], [127.1357, 37.09176], [127.13527, 37.09195], [127.13478, 37.09215], [127.13451, 37.09226], [127.13413, 37.09236], [127.13399, 37.09238], [127.13385, 37.09241], [127.13373, 37.09242], [127.13356, 37.09239], [127.13342, 37.09233], [127.13278, 37.09193], [127.1325, 37.0917], [127.13231, 37.09153], [127.13217, 37.09146], [127.12712, 37.09078], [127.12594, 37.09063], [127.12422, 37.09092], [127.12418, 37.09092], [127.12409, 37.09094], [127.12392, 37.09099], [127.12306, 37.09135], [127.12285, 37.09144], [127.12196, 37.09339], [127.12028, 37.09705], [127.11816, 37.10172], [127.11788, 37.10233], [127.11786, 37.10239], [127.11611, 37.10631], [127.11261, 37.11385], [127.1115, 37.11554], [127.11115, 37.11592], [127.10979, 37.11741], [127.10867, 37.12481], [127.10868, 37.12489], [127.10905, 37.126], [127.11257, 37.12624], [127.11261, 37.12807], [127.11408, 37.12915], [127.11495, 37.12974], [127.11662, 37.1294], [127.11728, 37.12905], [127.11781, 37.12884], [127.11872, 37.12884], [127.12013, 37.12897], [127.12017, 37.12898], [127.12021, 37.12899], [127.12062, 37.12951], [127.12072, 37.12966], [127.12077, 37.12981], [127.12079, 37.12989], [127.12161, 37.13538], [127.1215, 37.13896], [127.12073, 37.13927], [127.12067, 37.1393], [127.12061, 37.13934], [127.12059, 37.13936], [127.12058, 37.13942], [127.12058, 37.1395], [127.12089, 37.14084], [127.12107, 37.14158], [127.12111, 37.14167], [127.12115, 37.14171], [127.12122, 37.14178], [127.12228, 37.14273], [127.12304, 37.14331], [127.12328, 37.1435], [127.12332, 37.14356], [127.12333, 37.14361], [127.12327, 37.14373], [127.12321, 37.14385], [127.12313, 37.14399], [127.1227, 37.14451], [127.12289, 37.14465], [127.12339, 37.14493], [127.12446, 37.14526], [127.1246, 37.1453], [127.12478, 37.14536], [127.12639, 37.14558], [127.12708, 37.14565], [127.1293, 37.14847], [127.12944, 37.14865], [127.12949, 37.14875], [127.13042, 37.15123], [127.13059, 37.15179], [127.13059, 37.15185], [127.12883, 37.15848], [127.1279, 37.15976], [127.12788, 37.15982], [127.12788, 37.15989], [127.12793, 37.16064], [127.12794, 37.16072], [127.128, 37.16084], [127.12802, 37.16087], [127.12806, 37.16094], [127.12812, 37.161], [127.12818, 37.16106], [127.12905, 37.16195], [127.12915, 37.16203], [127.12922, 37.16206], [127.13121, 37.16287], [127.13368, 37.16473], [127.13383, 37.16487], [127.13387, 37.16493], [127.1339, 37.16497], [127.13391, 37.16501], [127.13381, 37.16606], [127.13379, 37.16612], [127.13375, 37.16619], [127.1337, 37.16626], [127.13363, 37.16632], [127.13354, 37.16638], [127.13332, 37.16653], [127.13322, 37.16659], [127.13317, 37.16662], [127.1331, 37.16668], [127.13308, 37.16672], [127.13256, 37.16806], [127.13255, 37.16818], [127.13257, 37.16837], [127.13258, 37.1684], [127.133, 37.16907], [127.13301, 37.16909], [127.13306, 37.16912], [127.13317, 37.16916], [127.13326, 37.1692], [127.13331, 37.1692], [127.13939, 37.16946], [127.14371, 37.17017], [127.14383, 37.17018], [127.14402, 37.17018], [127.14418, 37.17016], [127.14437, 37.17014], [127.14442, 37.17013], [127.14447, 37.17012], [127.14454, 37.17008], [127.14468, 37.17001], [127.14478, 37.16996], [127.14491, 37.16988], [127.14498, 37.16983], [127.14517, 37.16976], [127.14534, 37.1697], [127.14543, 37.16968], [127.14552, 37.16966], [127.1456, 37.16965], [127.14566, 37.16964], [127.14571, 37.16964], [127.14779, 37.16953], [127.14784, 37.16953], [127.14789, 37.16953], [127.14815, 37.16959], [127.14841, 37.16968], [127.14862, 37.1698], [127.15115, 37.1716], [127.15258, 37.17333], [127.15347, 37.1746], [127.1555, 37.17665], [127.15563, 37.17676], [127.15569, 37.17679], [127.15573, 37.17679], [127.15585, 37.17676], [127.15599, 37.1767], [127.15624, 37.17664], [127.1564, 37.17663], [127.15684, 37.17664], [127.15705, 37.17667], [127.1573, 37.17669], [127.15762, 37.17679], [127.15789, 37.17696], [127.15797, 37.17702], [127.15923, 37.17795], [127.15926, 37.17798], [127.16065, 37.18031], [127.16067, 37.18036], [127.16069, 37.18041], [127.16067, 37.18056], [127.16083, 37.17995], [127.16086, 37.17989], [127.16088, 37.17985], [127.16089, 37.17982], [127.16092, 37.17978], [127.16098, 37.17973], [127.16101, 37.17971], [127.16104, 37.17969], [127.16122, 37.17964], [127.16135, 37.17962], [127.16149, 37.17959], [127.16278, 37.17941], [127.16284, 37.1794], [127.16338, 37.17943], [127.16376, 37.17945], [127.1638, 37.17945], [127.16387, 37.17946], [127.16394, 37.17948], [127.16401, 37.17951], [127.16413, 37.17959], [127.16418, 37.17965], [127.16429, 37.17981], [127.16439, 37.17994], [127.16448, 37.18006], [127.16452, 37.1801], [127.1646, 37.18017], [127.16463, 37.18019], [127.16483, 37.18034], [127.16498, 37.18045], [127.16507, 37.1805], [127.16522, 37.18058], [127.16653, 37.1812], [127.1666, 37.18124], [127.16942, 37.1825], [127.17427, 37.18444], [127.17809, 37.18552], [127.1786, 37.18563], [127.17864, 37.18563], [127.17868, 37.18564], [127.17878, 37.18565], [127.17889, 37.18565], [127.17898, 37.18565], [127.17914, 37.18561], [127.17926, 37.18558], [127.17987, 37.18538], [127.18183, 37.18489], [127.18647, 37.18112], [127.18829, 37.17919], [127.18842, 37.17906], [127.18846, 37.179], [127.18858, 37.17883], [127.18861, 37.17874], [127.18866, 37.17858], [127.18866, 37.17852], [127.18867, 37.17838], [127.18866, 37.17814], [127.18865, 37.17806], [127.18864, 37.17803], [127.18861, 37.17799], [127.18843, 37.17787], [127.1883, 37.1778], [127.188, 37.17766], [127.18787, 37.1776], [127.18769, 37.17753], [127.18757, 37.17748], [127.18745, 37.17743], [127.18744, 37.17739], [127.18751, 37.17727], [127.18757, 37.17719], [127.18772, 37.17697], [127.18893, 37.17541], [127.19176, 37.17319], [127.1939, 37.17182], [127.19394, 37.17177], [127.19441, 37.16996], [127.19453, 37.1693], [127.19462, 37.16877], [127.19465, 37.16857], [127.19464, 37.16845], [127.1946, 37.1683], [127.19457, 37.16819], [127.19448, 37.16793], [127.1944, 37.16777], [127.1928, 37.16516], [127.1927, 37.16511], [127.19216, 37.16478], [127.19215, 37.16474], [127.19216, 37.16471], [127.19262, 37.16427], [127.19284, 37.16407], [127.19306, 37.1639], [127.19335, 37.16374], [127.19359, 37.16361], [127.19464, 37.16306], [127.19551, 37.16265], [127.19692, 37.16201], [127.19762, 37.16178], [127.19779, 37.16173], [127.19788, 37.16171], [127.1981, 37.16175], [127.19817, 37.16176], [127.19842, 37.16175], [127.19854, 37.16174], [127.19869, 37.16173], [127.19874, 37.16169], [127.1988, 37.16165], [127.19885, 37.16156], [127.19907, 37.16109], [127.19981, 37.15942], [127.19982, 37.15932], [127.1998, 37.15801], [127.19979, 37.15794], [127.19975, 37.1578], [127.19969, 37.15765], [127.19961, 37.15758], [127.19929, 37.15716], [127.19897, 37.15659], [127.19888, 37.15643], [127.19887, 37.15639], [127.19787, 37.15448], [127.19727, 37.15323], [127.19693, 37.15247], [127.19688, 37.15235], [127.19686, 37.15229], [127.19684, 37.15204], [127.19687, 37.1518], [127.19692, 37.15162], [127.19695, 37.15151], [127.19697, 37.15137], [127.19703, 37.15044], [127.197, 37.14912], [127.19699, 37.14902], [127.19697, 37.14883], [127.19693, 37.14865], [127.19643, 37.14791], [127.19637, 37.14785], [127.19632, 37.14782], [127.19623, 37.1478], [127.19549, 37.14788], [127.19518, 37.14793], [127.1948, 37.14802], [127.19461, 37.14806], [127.19449, 37.14808], [127.1944, 37.14808], [127.19428, 37.14804], [127.19373, 37.14787], [127.19294, 37.14759], [127.1929, 37.14757], [127.19285, 37.14754], [127.19277, 37.14749], [127.19211, 37.14704], [127.19049, 37.14587], [127.19046, 37.14582], [127.18984, 37.14306], [127.18964, 37.14071], [127.18844, 37.13824], [127.18763, 37.13666], [127.18725, 37.136], [127.18723, 37.13595], [127.18705, 37.13529], [127.18706, 37.13526], [127.18827, 37.13374], [127.18831, 37.13369], [127.18839, 37.13358], [127.18859, 37.13337], [127.18874, 37.13327], [127.18881, 37.13323], [127.18897, 37.13314], [127.18945, 37.13302], [127.18966, 37.13298], [127.18979, 37.13293], [127.18991, 37.13289], [127.18996, 37.13286], [127.19009, 37.13282], [127.19023, 37.13273], [127.1904, 37.13256], [127.19128, 37.13142], [127.19135, 37.13133], [127.19135, 37.13127], [127.19048, 37.12975], [127.19033, 37.12956], [127.19017, 37.12939], [127.19001, 37.1293], [127.18985, 37.12923], [127.18972, 37.12923], [127.18945, 37.1293], [127.18936, 37.1293], [127.18923, 37.12919], [127.18805, 37.12786], [127.18757, 37.12715], [127.18716, 37.12609], [127.18721, 37.12587], [127.18736, 37.12523], [127.18832, 37.12474], [127.18895, 37.12442], [127.18954, 37.1202], [127.18929, 37.11756], [127.18874, 37.11471], [127.1858, 37.11265], [127.1839, 37.11123], [127.18194, 37.10922], [127.18076, 37.1084], [127.17913, 37.10812], [127.17721, 37.10817], [127.17694, 37.10821], [127.1763, 37.10832], [127.17604, 37.10824], [127.1757, 37.10813], [127.17584, 37.10751], [127.17586, 37.10741], [127.17755, 37.10544], [127.18154, 37.09839], [127.18466, 37.09455], [127.18613, 37.09217], [127.18612, 37.09207], [127.18596, 37.09144], [127.18572, 37.09083], [127.18569, 37.09079], [127.18563, 37.09071], [127.18761, 37.0876], [127.1887, 37.08636]]]]}}, {"type": "Feature", "properties": {"행정코드": "4146125600", "동": "이동읍", "구": "처인구"}, "geometry": {"type": "MultiPolygon", "coordinates": [[[[127.17441, 37.22459], [127.17541, 37.22218], [127.17569, 37.22185], [127.18287, 37.21464], [127.18341, 37.21411], [127.18362, 37.21397], [127.18379, 37.2139], [127.18507, 37.21348], [127.18624, 37.21334], [127.19185, 37.21313], [127.19246, 37.21314], [127.19258, 37.21317], [127.1935, 37.21354], [127.19361, 37.2136], [127.19374, 37.21373], [127.19384, 37.21381], [127.19411, 37.21395], [127.19425, 37.214], [127.19438, 37.21404], [127.19572, 37.21425], [127.20044, 37.21358], [127.20075, 37.21351], [127.20105, 37.21349], [127.20254, 37.21337], [127.20265, 37.21337], [127.20445, 37.21337], [127.20454, 37.21338], [127.20462, 37.21339], [127.20543, 37.21355], [127.20794, 37.21414], [127.21164, 37.21468], [127.21726, 37.21466], [127.2193, 37.2149], [127.21963, 37.21463], [127.22027, 37.21407], [127.22288, 37.21178], [127.22393, 37.21004], [127.22397, 37.20982], [127.22403, 37.20912], [127.22405, 37.2086], [127.22401, 37.20843], [127.22385, 37.20823], [127.22397, 37.20628], [127.22472, 37.20176], [127.22474, 37.2017], [127.22477, 37.20167], [127.2264, 37.2004], [127.22644, 37.20027], [127.22649, 37.20016], [127.22653, 37.20005], [127.22659, 37.19993], [127.22663, 37.19985], [127.22666, 37.19978], [127.22669, 37.19974], [127.22674, 37.1997], [127.22678, 37.19967], [127.22685, 37.19966], [127.22693, 37.19965], [127.22696, 37.19964], [127.2272, 37.19964], [127.22726, 37.19964], [127.22752, 37.19962], [127.22759, 37.19962], [127.22776, 37.19958], [127.2278, 37.19957], [127.22791, 37.19954], [127.22799, 37.19951], [127.22807, 37.19949], [127.22865, 37.19936], [127.22881, 37.19935], [127.22955, 37.19917], [127.2296, 37.19913], [127.22974, 37.19905], [127.2299, 37.19897], [127.23, 37.19895], [127.23009, 37.19895], [127.23016, 37.19895], [127.23022, 37.19895], [127.2303, 37.19896], [127.23046, 37.19902], [127.23066, 37.1991], [127.23083, 37.19918], [127.23088, 37.1992], [127.23103, 37.19925], [127.2311, 37.19928], [127.2312, 37.1993], [127.23128, 37.1993], [127.23135, 37.19929], [127.23148, 37.19926], [127.23156, 37.19923], [127.23164, 37.1992], [127.23181, 37.19911], [127.23194, 37.19903], [127.23208, 37.19894], [127.23394, 37.19886], [127.23436, 37.19896], [127.23447, 37.19898], [127.23458, 37.19899], [127.23464, 37.19899], [127.23471, 37.19899], [127.23571, 37.1989], [127.23579, 37.19889], [127.23689, 37.1984], [127.23693, 37.19838], [127.23696, 37.19837], [127.237, 37.19834], [127.23703, 37.19831], [127.23705, 37.19826], [127.23707, 37.19822], [127.23709, 37.19814], [127.2371, 37.1981], [127.23712, 37.19801], [127.23715, 37.19773], [127.23717, 37.19752], [127.23727, 37.19672], [127.23729, 37.19667], [127.23731, 37.19663], [127.23735, 37.1966], [127.23738, 37.19659], [127.23745, 37.19657], [127.2378, 37.19651], [127.23794, 37.19649], [127.23809, 37.19647], [127.23921, 37.19648], [127.24024, 37.19659], [127.24031, 37.19659], [127.24036, 37.19659], [127.24047, 37.19658], [127.24197, 37.19649], [127.24218, 37.19647], [127.24231, 37.19644], [127.24246, 37.1964], [127.24252, 37.19637], [127.24257, 37.19635], [127.24261, 37.19632], [127.24267, 37.19626], [127.2427, 37.1962], [127.24275, 37.19595], [127.24275, 37.1959], [127.24282, 37.19555], [127.24283, 37.19543], [127.24289, 37.19468], [127.24288, 37.19462], [127.24288, 37.19457], [127.24286, 37.19454], [127.24284, 37.19446], [127.24281, 37.1944], [127.24278, 37.1943], [127.24276, 37.19423], [127.24275, 37.19411], [127.24277, 37.1939], [127.24277, 37.19387], [127.24278, 37.1938], [127.24282, 37.19358], [127.2429, 37.1933], [127.243, 37.19303], [127.24333, 37.19225], [127.24337, 37.19218], [127.24343, 37.19211], [127.24348, 37.19207], [127.24447, 37.19119], [127.24659, 37.18979], [127.24751, 37.18648], [127.24822, 37.18441], [127.24836, 37.18424], [127.24863, 37.18405], [127.24892, 37.18394], [127.24926, 37.18391], [127.25233, 37.18276], [127.25289, 37.18252], [127.25748, 37.17968], [127.26018, 37.17895], [127.26027, 37.17889], [127.26044, 37.17867], [127.26057, 37.17843], [127.26092, 37.17729], [127.26112, 37.17658], [127.26113, 37.17653], [127.26118, 37.17636], [127.26141, 37.17574], [127.26142, 37.1757], [127.26159, 37.1753], [127.26224, 37.17387], [127.26234, 37.17371], [127.26402, 37.17202], [127.26496, 37.17215], [127.26932, 37.17119], [127.27268, 37.16659], [127.27329, 37.16512], [127.27097, 37.16261], [127.26856, 37.16024], [127.26694, 37.15533], [127.26588, 37.15535], [127.26549, 37.15546], [127.26386, 37.15589], [127.2638, 37.15587], [127.26167, 37.15408], [127.26163, 37.15401], [127.26156, 37.15386], [127.26138, 37.15324], [127.26068, 37.15227], [127.26056, 37.15213], [127.26047, 37.15207], [127.25984, 37.15182], [127.25973, 37.15179], [127.25869, 37.15173], [127.25755, 37.1517], [127.25737, 37.15169], [127.2558, 37.15144], [127.25562, 37.1514], [127.25548, 37.15134], [127.25543, 37.15131], [127.25538, 37.15127], [127.25534, 37.15122], [127.25528, 37.15116], [127.25524, 37.15108], [127.25522, 37.15097], [127.25464, 37.14938], [127.25377, 37.1473], [127.2535, 37.14686], [127.25277, 37.14634], [127.2526, 37.14626], [127.25217, 37.14615], [127.25176, 37.14603], [127.25156, 37.14596], [127.25144, 37.14592], [127.25134, 37.14588], [127.25117, 37.14581], [127.25026, 37.14524], [127.25028, 37.14509], [127.25113, 37.14299], [127.25128, 37.14267], [127.25138, 37.14253], [127.25146, 37.14243], [127.25161, 37.14222], [127.25168, 37.14215], [127.25177, 37.14204], [127.25221, 37.14172], [127.25275, 37.14128], [127.25281, 37.1412], [127.25371, 37.13809], [127.25333, 37.13698], [127.25116, 37.1336], [127.25165, 37.13294], [127.25229, 37.13197], [127.25287, 37.13096], [127.25291, 37.13088], [127.25321, 37.13019], [127.25338, 37.129], [127.25337, 37.12894], [127.25312, 37.12809], [127.25196, 37.12456], [127.25125, 37.12325], [127.25123, 37.12321], [127.25116, 37.12312], [127.25103, 37.123], [127.25078, 37.12283], [127.25061, 37.12272], [127.25052, 37.1227], [127.24587, 37.12206], [127.24581, 37.12205], [127.24563, 37.12209], [127.24555, 37.12211], [127.24547, 37.12213], [127.24505, 37.12225], [127.24489, 37.12231], [127.24302, 37.1225], [127.2403, 37.12215], [127.24017, 37.12212], [127.23645, 37.12125], [127.23496, 37.11939], [127.23493, 37.1193], [127.23492, 37.11927], [127.23447, 37.11831], [127.23442, 37.11821], [127.23436, 37.11814], [127.23386, 37.11768], [127.23379, 37.11764], [127.23254, 37.11742], [127.23237, 37.1174], [127.2318, 37.1174], [127.23172, 37.1174], [127.23163, 37.1174], [127.23135, 37.11743], [127.23081, 37.11741], [127.22995, 37.1173], [127.22939, 37.11713], [127.22889, 37.1168], [127.2271, 37.11533], [127.22702, 37.11524], [127.22698, 37.11513], [127.22697, 37.11505], [127.22695, 37.11496], [127.22692, 37.11479], [127.22683, 37.11466], [127.22676, 37.11457], [127.22617, 37.11394], [127.22555, 37.11356], [127.22544, 37.11351], [127.22322, 37.1129], [127.22312, 37.11289], [127.22299, 37.11289], [127.22173, 37.11302], [127.2211, 37.1131], [127.22053, 37.11321], [127.22016, 37.11343], [127.21605, 37.11187], [127.21548, 37.11155], [127.21522, 37.1114], [127.2147, 37.11093], [127.21364, 37.11071], [127.21341, 37.11068], [127.21289, 37.11063], [127.21205, 37.11057], [127.21199, 37.11058], [127.21187, 37.11061], [127.21178, 37.11069], [127.21173, 37.11074], [127.21123, 37.11139], [127.20999, 37.11235], [127.20971, 37.11245], [127.20961, 37.11245], [127.20932, 37.11227], [127.20927, 37.11215], [127.20861, 37.1101], [127.20862, 37.10972], [127.20869, 37.10919], [127.20884, 37.10884], [127.20917, 37.10851], [127.20971, 37.10797], [127.20983, 37.10765], [127.20986, 37.10722], [127.20967, 37.10607], [127.20959, 37.10591], [127.20943, 37.10558], [127.20879, 37.10465], [127.20859, 37.10439], [127.20778, 37.10369], [127.20741, 37.10342], [127.20706, 37.10318], [127.20551, 37.10246], [127.20542, 37.10245], [127.20529, 37.10242], [127.20502, 37.10242], [127.20232, 37.1004], [127.19891, 37.09686], [127.1976, 37.093], [127.19527, 37.08907], [127.19515, 37.08897], [127.19349, 37.0878], [127.19334, 37.0877], [127.19287, 37.08739], [127.19238, 37.08709], [127.19223, 37.08703], [127.19216, 37.08703], [127.19208, 37.08704], [127.1919, 37.08706], [127.19169, 37.0871], [127.19087, 37.087], [127.18982, 37.08684], [127.18948, 37.08677], [127.18912, 37.0867], [127.1889, 37.08661], [127.18881, 37.08655], [127.1887, 37.08636], [127.18761, 37.0876], [127.18563, 37.09071], [127.18569, 37.09079], [127.18572, 37.09083], [127.18596, 37.09144], [127.18612, 37.09207], [127.18613, 37.09217], [127.18466, 37.09455], [127.18154, 37.09839], [127.17755, 37.10544], [127.17586, 37.10741], [127.17584, 37.10751], [127.1757, 37.10813], [127.17604, 37.10824], [127.1763, 37.10832], [127.17694, 37.10821], [127.17721, 37.10817], [127.17913, 37.10812], [127.18076, 37.1084], [127.18194, 37.10922], [127.1839, 37.11123], [127.1858, 37.11265], [127.18874, 37.11471], [127.18929, 37.11756], [127.18954, 37.1202], [127.18895, 37.12442], [127.18832, 37.12474], [127.18736, 37.12523], [127.18721, 37.12587], [127.18716, 37.12609], [127.18757, 37.12715], [127.18805, 37.12786], [127.18923, 37.12919], [127.18936, 37.1293], [127.18945, 37.1293], [127.18972, 37.12923], [127.18985, 37.12923], [127.19001, 37.1293], [127.19017, 37.12939], [127.19033, 37.12956], [127.19048, 37.12975], [127.19135, 37.13127], [127.19135, 37.13133], [127.19128, 37.13142], [127.1904, 37.13256], [127.19023, 37.13273], [127.19009, 37.13282], [127.18996, 37.13286], [127.18991, 37.13289], [127.18979, 37.13293], [127.18966, 37.13298], [127.18945, 37.13302], [127.18897, 37.13314], [127.18881, 37.13323], [127.18874, 37.13327], [127.18859, 37.13337], [127.18839, 37.13358], [127.18831, 37.13369], [127.18827, 37.13374], [127.18706, 37.13526], [127.18705, 37.13529], [127.18723, 37.13595], [127.18725, 37.136], [127.18763, 37.13666], [127.18844, 37.13824], [127.18964, 37.14071], [127.18984, 37.14306], [127.19046, 37.14582], [127.19049, 37.14587], [127.19211, 37.14704], [127.19277, 37.14749], [127.19285, 37.14754], [127.1929, 37.14757], [127.19294, 37.14759], [127.19373, 37.14787], [127.19428, 37.14804], [127.1944, 37.14808], [127.19449, 37.14808], [127.19461, 37.14806], [127.1948, 37.14802], [127.19518, 37.14793], [127.19549, 37.14788], [127.19623, 37.1478], [127.19632, 37.14782], [127.19637, 37.14785], [127.19643, 37.14791], [127.19693, 37.14865], [127.19697, 37.14883], [127.19699, 37.14902], [127.197, 37.14912], [127.19703, 37.15044], [127.19697, 37.15137], [127.19695, 37.15151], [127.19692, 37.15162], [127.19687, 37.1518], [127.19684, 37.15204], [127.19686, 37.15229], [127.19688, 37.15235], [127.19693, 37.15247], [127.19727, 37.15323], [127.19787, 37.15448], [127.19887, 37.15639], [127.19888, 37.15643], [127.19897, 37.15659], [127.19929, 37.15716], [127.19961, 37.15758], [127.19969, 37.15765], [127.19975, 37.1578], [127.19979, 37.15794], [127.1998, 37.15801], [127.19982, 37.15932], [127.19981, 37.15942], [127.19907, 37.16109], [127.19885, 37.16156], [127.1988, 37.16165], [127.19874, 37.16169], [127.19869, 37.16173], [127.19854, 37.16174], [127.19842, 37.16175], [127.19817, 37.16176], [127.1981, 37.16175], [127.19788, 37.16171], [127.19779, 37.16173], [127.19762, 37.16178], [127.19692, 37.16201], [127.19551, 37.16265], [127.19464, 37.16306], [127.19359, 37.16361], [127.19335, 37.16374], [127.19306, 37.1639], [127.19284, 37.16407], [127.19262, 37.16427], [127.19216, 37.16471], [127.19215, 37.16474], [127.19216, 37.16478], [127.1927, 37.16511], [127.1928, 37.16516], [127.1944, 37.16777], [127.19448, 37.16793], [127.19457, 37.16819], [127.1946, 37.1683], [127.19464, 37.16845], [127.19465, 37.16857], [127.19462, 37.16877], [127.19453, 37.1693], [127.19441, 37.16996], [127.19394, 37.17177], [127.1939, 37.17182], [127.19176, 37.17319], [127.18893, 37.17541], [127.18772, 37.17697], [127.18757, 37.17719], [127.18751, 37.17727], [127.18744, 37.17739], [127.18745, 37.17743], [127.18757, 37.17748], [127.18769, 37.17753], [127.18787, 37.1776], [127.188, 37.17766], [127.1883, 37.1778], [127.18843, 37.17787], [127.18861, 37.17799], [127.18864, 37.17803], [127.18865, 37.17806], [127.18866, 37.17814], [127.18867, 37.17838], [127.18866, 37.17852], [127.18866, 37.17858], [127.18861, 37.17874], [127.18858, 37.17883], [127.18846, 37.179], [127.18842, 37.17906], [127.18829, 37.17919], [127.18647, 37.18112], [127.18183, 37.18489], [127.17987, 37.18538], [127.17926, 37.18558], [127.17914, 37.18561], [127.17898, 37.18565], [127.17889, 37.18565], [127.17878, 37.18565], [127.17868, 37.18564], [127.17864, 37.18563], [127.1786, 37.18563], [127.17809, 37.18552], [127.17427, 37.18444], [127.16942, 37.1825], [127.1666, 37.18124], [127.16653, 37.1812], [127.16522, 37.18058], [127.16507, 37.1805], [127.16498, 37.18045], [127.16483, 37.18034], [127.16463, 37.18019], [127.1646, 37.18017], [127.16452, 37.1801], [127.16448, 37.18006], [127.16439, 37.17994], [127.16429, 37.17981], [127.16418, 37.17965], [127.16413, 37.17959], [127.16401, 37.17951], [127.16394, 37.17948], [127.16387, 37.17946], [127.1638, 37.17945], [127.16376, 37.17945], [127.16338, 37.17943], [127.16284, 37.1794], [127.16278, 37.17941], [127.16149, 37.17959], [127.16135, 37.17962], [127.16122, 37.17964], [127.16104, 37.17969], [127.16101, 37.17971], [127.16098, 37.17973], [127.16092, 37.17978], [127.16089, 37.17982], [127.16088, 37.17985], [127.16086, 37.17989], [127.16083, 37.17995], [127.16067, 37.18056], [127.1599, 37.18221], [127.15908, 37.18413], [127.1592, 37.18424], [127.15933, 37.18435], [127.1594, 37.18444], [127.15944, 37.18448], [127.1596, 37.18466], [127.16023, 37.18589], [127.16026, 37.18599], [127.16043, 37.18668], [127.16131, 37.19035], [127.16132, 37.19041], [127.16132, 37.19052], [127.16132, 37.19066], [127.16131, 37.19071], [127.16096, 37.19164], [127.16094, 37.19167], [127.16091, 37.19172], [127.15572, 37.19666], [127.15546, 37.19774], [127.15473, 37.19745], [127.15377, 37.19762], [127.15285, 37.19723], [127.15266, 37.19813], [127.15229, 37.19833], [127.15196, 37.19911], [127.1523, 37.19998], [127.15267, 37.20024], [127.15277, 37.20085], [127.15297, 37.20122], [127.15339, 37.20191], [127.15431, 37.20212], [127.15537, 37.20346], [127.15589, 37.20595], [127.15768, 37.207], [127.15777, 37.20717], [127.15775, 37.20727], [127.15767, 37.20747], [127.15696, 37.20852], [127.15598, 37.2093], [127.15541, 37.20957], [127.15198, 37.21377], [127.15172, 37.21414], [127.15144, 37.2158], [127.15144, 37.21708], [127.1516, 37.21854], [127.15122, 37.21894], [127.1503, 37.22117], [127.15018, 37.2213], [127.14983, 37.22169], [127.15161, 37.223], [127.15303, 37.22337], [127.15337, 37.22384], [127.15492, 37.22637], [127.15621, 37.22789], [127.157, 37.22795], [127.15897, 37.22726], [127.16058, 37.226], [127.16102, 37.22534], [127.16119, 37.22512], [127.16505, 37.22298], [127.1651, 37.22298], [127.16735, 37.22308], [127.16764, 37.22311], [127.16886, 37.22355], [127.169, 37.22364], [127.17024, 37.22453], [127.17047, 37.22479], [127.17057, 37.22502], [127.17055, 37.22513], [127.17055, 37.22521], [127.17056, 37.22528], [127.17057, 37.22534], [127.17201, 37.22563], [127.17222, 37.22559], [127.17429, 37.22467], [127.17441, 37.22459]]]]}}, {"type": "Feature", "properties": {"행정코드": "4146134000", "동": "원삼면", "구": "처인구"}, "geometry": {"type": "MultiPolygon", "coordinates": [[[[127.3484, 37.20436], [127.34731, 37.20283], [127.34731, 37.20255], [127.34731, 37.20247], [127.3474, 37.2019], [127.34779, 37.20146], [127.34793, 37.20139], [127.34806, 37.20134], [127.34827, 37.20115], [127.34841, 37.20091], [127.35017, 37.19754], [127.35021, 37.1959], [127.34883, 37.19093], [127.34664, 37.18898], [127.34391, 37.1878], [127.33972, 37.18493], [127.3396, 37.18479], [127.3392, 37.18434], [127.33907, 37.18402], [127.33985, 37.18275], [127.33874, 37.17983], [127.33826, 37.17851], [127.34057, 37.17633], [127.34021, 37.17407], [127.34003, 37.173], [127.34002, 37.17296], [127.34036, 37.17279], [127.34085, 37.17265], [127.34097, 37.17261], [127.35024, 37.17069], [127.35149, 37.17054], [127.35223, 37.17052], [127.35303, 37.17052], [127.35441, 37.17039], [127.3544, 37.17028], [127.354, 37.16823], [127.3535, 37.1661], [127.3534, 37.16599], [127.35326, 37.16588], [127.35212, 37.16535], [127.35035, 37.16272], [127.35061, 37.162], [127.35063, 37.16174], [127.35068, 37.15904], [127.3501, 37.15755], [127.35008, 37.15751], [127.35003, 37.15742], [127.34978, 37.15717], [127.34951, 37.1569], [127.3493, 37.15678], [127.34911, 37.15677], [127.34897, 37.1568], [127.34887, 37.15689], [127.34884, 37.15691], [127.34871, 37.15702], [127.34854, 37.15713], [127.34832, 37.15718], [127.34809, 37.15713], [127.34777, 37.15692], [127.34752, 37.15664], [127.34708, 37.15608], [127.34614, 37.15482], [127.34607, 37.15468], [127.34808, 37.15326], [127.34885, 37.15293], [127.35177, 37.15216], [127.35207, 37.15216], [127.35377, 37.15269], [127.35398, 37.15287], [127.35416, 37.15299], [127.35438, 37.15314], [127.35464, 37.15315], [127.35509, 37.15316], [127.35515, 37.15317], [127.35551, 37.15304], [127.35567, 37.15288], [127.35606, 37.15236], [127.35608, 37.15227], [127.35612, 37.15214], [127.35609, 37.15029], [127.3526, 37.14593], [127.34983, 37.14168], [127.34782, 37.13852], [127.34625, 37.13606], [127.34622, 37.13589], [127.34624, 37.13583], [127.34628, 37.13568], [127.34652, 37.13509], [127.34513, 37.13283], [127.34467, 37.13255], [127.34234, 37.13167], [127.34155, 37.13147], [127.33788, 37.13094], [127.33392, 37.12929], [127.33129, 37.12779], [127.32912, 37.12568], [127.32796, 37.12411], [127.32792, 37.12401], [127.3279, 37.12399], [127.32796, 37.12387], [127.32813, 37.12305], [127.32795, 37.12216], [127.32725, 37.11995], [127.3271, 37.11969], [127.32672, 37.11944], [127.3233, 37.11624], [127.32035, 37.11314], [127.31825, 37.11137], [127.3173, 37.1106], [127.31636, 37.10984], [127.31328, 37.10947], [127.31214, 37.10711], [127.31063, 37.10538], [127.3057, 37.10711], [127.3041, 37.10909], [127.30423, 37.10937], [127.30421, 37.1095], [127.30382, 37.11061], [127.30346, 37.11159], [127.3034, 37.1117], [127.30334, 37.11176], [127.30323, 37.11179], [127.30143, 37.11212], [127.30071, 37.11218], [127.30044, 37.11218], [127.3003, 37.11219], [127.30022, 37.11221], [127.30015, 37.11224], [127.30005, 37.11229], [127.29989, 37.11237], [127.29986, 37.11241], [127.29984, 37.11244], [127.29982, 37.11246], [127.2998, 37.11249], [127.29949, 37.11429], [127.29946, 37.115], [127.29941, 37.11553], [127.29908, 37.11684], [127.29714, 37.12033], [127.29701, 37.12049], [127.29676, 37.12068], [127.29661, 37.12078], [127.29646, 37.12081], [127.29636, 37.12083], [127.29619, 37.1208], [127.29607, 37.12078], [127.29597, 37.1208], [127.29588, 37.12083], [127.29521, 37.12106], [127.29493, 37.1212], [127.29445, 37.12155], [127.29432, 37.12167], [127.29324, 37.12293], [127.293, 37.12322], [127.29288, 37.12341], [127.29284, 37.1235], [127.29283, 37.12361], [127.29288, 37.12412], [127.29294, 37.12447], [127.29292, 37.12477], [127.29288, 37.12498], [127.2928, 37.12528], [127.29279, 37.12531], [127.29242, 37.12637], [127.29231, 37.12665], [127.29213, 37.12682], [127.29187, 37.12695], [127.29171, 37.12704], [127.28861, 37.12968], [127.28802, 37.13133], [127.28795, 37.1314], [127.28788, 37.13147], [127.28774, 37.13156], [127.28735, 37.13179], [127.28721, 37.13188], [127.28697, 37.13198], [127.28666, 37.13203], [127.28647, 37.13204], [127.28627, 37.13202], [127.28602, 37.13195], [127.28562, 37.13177], [127.28543, 37.13165], [127.28535, 37.1316], [127.28521, 37.1315], [127.28484, 37.13115], [127.28442, 37.13082], [127.28434, 37.13078], [127.28425, 37.13078], [127.28413, 37.13082], [127.28399, 37.13103], [127.28387, 37.13121], [127.28292, 37.1327], [127.28237, 37.13375], [127.2823, 37.13387], [127.28225, 37.1339], [127.28215, 37.13396], [127.28211, 37.13398], [127.28206, 37.134], [127.28182, 37.13406], [127.28166, 37.13408], [127.27928, 37.13413], [127.27911, 37.13412], [127.27887, 37.1341], [127.27782, 37.13396], [127.27436, 37.13364], [127.27307, 37.13501], [127.27273, 37.13597], [127.27235, 37.1379], [127.2721, 37.1394], [127.27193, 37.14103], [127.27203, 37.14125], [127.27211, 37.14143], [127.27292, 37.14293], [127.27295, 37.14299], [127.27312, 37.14331], [127.27225, 37.14481], [127.27171, 37.14522], [127.27146, 37.14532], [127.27091, 37.14552], [127.26915, 37.14714], [127.26803, 37.14933], [127.26867, 37.15028], [127.26954, 37.15144], [127.26925, 37.1525], [127.26877, 37.15424], [127.26694, 37.15533], [127.26856, 37.16024], [127.27097, 37.16261], [127.27329, 37.16512], [127.27558, 37.16543], [127.27563, 37.16543], [127.2757, 37.16543], [127.27716, 37.16528], [127.27722, 37.16526], [127.27737, 37.16518], [127.27755, 37.16505], [127.27776, 37.16492], [127.27817, 37.16475], [127.27944, 37.16423], [127.27948, 37.16422], [127.27953, 37.16423], [127.28017, 37.16485], [127.28254, 37.16957], [127.28325, 37.17114], [127.28431, 37.1736], [127.285, 37.1775], [127.28499, 37.17818], [127.28492, 37.17838], [127.28489, 37.17845], [127.28486, 37.17851], [127.28476, 37.17863], [127.28468, 37.17868], [127.28457, 37.17875], [127.28434, 37.17889], [127.28404, 37.17907], [127.2836, 37.17929], [127.28327, 37.17942], [127.28308, 37.17948], [127.28302, 37.17959], [127.28293, 37.17992], [127.28292, 37.18003], [127.28292, 37.18007], [127.28356, 37.1821], [127.28367, 37.18239], [127.28378, 37.18259], [127.28385, 37.18271], [127.28444, 37.1837], [127.28486, 37.18495], [127.28615, 37.18922], [127.28625, 37.1914], [127.28634, 37.19428], [127.28572, 37.1982], [127.28577, 37.19896], [127.28579, 37.19905], [127.28583, 37.19924], [127.28586, 37.1993], [127.28593, 37.19948], [127.28601, 37.19959], [127.28652, 37.20062], [127.28663, 37.20076], [127.28678, 37.20084], [127.28694, 37.20086], [127.28698, 37.20087], [127.28702, 37.20087], [127.28733, 37.20091], [127.2875, 37.20089], [127.28763, 37.20083], [127.28787, 37.20075], [127.28814, 37.20075], [127.28845, 37.20083], [127.28889, 37.20095], [127.2914, 37.20162], [127.29266, 37.202], [127.29277, 37.20208], [127.29732, 37.206], [127.30309, 37.21105], [127.30355, 37.21126], [127.30585, 37.21161], [127.30617, 37.21152], [127.30621, 37.21149], [127.30627, 37.21145], [127.30638, 37.21138], [127.30705, 37.21099], [127.30717, 37.21096], [127.31029, 37.21067], [127.31039, 37.21066], [127.31049, 37.21066], [127.31302, 37.21145], [127.31508, 37.21212], [127.31581, 37.21263], [127.31612, 37.21291], [127.31683, 37.21347], [127.3171, 37.21364], [127.31839, 37.21426], [127.31853, 37.21429], [127.31901, 37.21432], [127.31937, 37.21429], [127.32318, 37.21399], [127.32505, 37.21357], [127.32862, 37.21348], [127.3287, 37.21353], [127.33282, 37.21581], [127.3364, 37.21738], [127.33659, 37.2174], [127.33704, 37.21745], [127.33775, 37.21643], [127.33805, 37.21644], [127.33853, 37.21629], [127.33858, 37.21613], [127.33874, 37.21559], [127.33886, 37.21513], [127.33889, 37.21498], [127.33888, 37.21473], [127.33888, 37.21455], [127.33923, 37.21314], [127.33958, 37.21207], [127.3411, 37.2092], [127.34124, 37.20902], [127.34199, 37.20824], [127.34206, 37.20818], [127.34218, 37.20808], [127.34225, 37.20805], [127.34235, 37.20801], [127.34255, 37.20796], [127.34301, 37.2079], [127.34316, 37.20789], [127.34328, 37.20788], [127.34519, 37.20751], [127.3468, 37.20645], [127.34703, 37.20628], [127.3472, 37.20615], [127.34724, 37.20612], [127.34752, 37.20581], [127.34803, 37.20524], [127.3481, 37.20513], [127.34816, 37.20498], [127.3484, 37.20436]]]]}}, {"type": "Feature", "properties": {"행정코드": "4146135000", "동": "백암면", "구": "처인구"}, "geometry": {"type": "MultiPolygon", "coordinates": [[[[127.37038, 37.20392], [127.37087, 37.20308], [127.371, 37.20289], [127.37104, 37.20284], [127.37165, 37.20232], [127.37179, 37.20221], [127.37234, 37.20195], [127.37245, 37.20191], [127.37251, 37.20189], [127.37265, 37.20187], [127.3776, 37.19636], [127.37821, 37.19555], [127.37597, 37.191], [127.37462, 37.19023], [127.37423, 37.19005], [127.37393, 37.18991], [127.37287, 37.18983], [127.37204, 37.18976], [127.37224, 37.18603], [127.37529, 37.1851], [127.38121, 37.18756], [127.38162, 37.18716], [127.38188, 37.18686], [127.38193, 37.18673], [127.38232, 37.18493], [127.38239, 37.18449], [127.38221, 37.18404], [127.38211, 37.1838], [127.3821, 37.18372], [127.3821, 37.18366], [127.38211, 37.18352], [127.38213, 37.18342], [127.38236, 37.18279], [127.38238, 37.18274], [127.38433, 37.18209], [127.38828, 37.18141], [127.39446, 37.18082], [127.39902, 37.18096], [127.40186, 37.18018], [127.40351, 37.18032], [127.40357, 37.18033], [127.40373, 37.18044], [127.40389, 37.18058], [127.40394, 37.18063], [127.40404, 37.18073], [127.40503, 37.18164], [127.40908, 37.1839], [127.40933, 37.18402], [127.40937, 37.18404], [127.40948, 37.18408], [127.4096, 37.18412], [127.40971, 37.18415], [127.40994, 37.18418], [127.41018, 37.18419], [127.41037, 37.18417], [127.4105, 37.18411], [127.41113, 37.18347], [127.41122, 37.18339], [127.41182, 37.18235], [127.41266, 37.17812], [127.41299, 37.1766], [127.4138, 37.17393], [127.41415, 37.17339], [127.41407, 37.17314], [127.41302, 37.17002], [127.41283, 37.16971], [127.41275, 37.16958], [127.41225, 37.16915], [127.41167, 37.16864], [127.41063, 37.16751], [127.40969, 37.16438], [127.41027, 37.16105], [127.41043, 37.16049], [127.41072, 37.15992], [127.41216, 37.15694], [127.41232, 37.15507], [127.41393, 37.15306], [127.41397, 37.15301], [127.41484, 37.15208], [127.41692, 37.15139], [127.41792, 37.15136], [127.41978, 37.15165], [127.4223, 37.15195], [127.4235, 37.15183], [127.42548, 37.15067], [127.42813, 37.14908], [127.42982, 37.14774], [127.42954, 37.14701], [127.4292, 37.14681], [127.42729, 37.14592], [127.42586, 37.14304], [127.42562, 37.14074], [127.42644, 37.13861], [127.42615, 37.13643], [127.42561, 37.13397], [127.42418, 37.13113], [127.42141, 37.12768], [127.42091, 37.12607], [127.41747, 37.1238], [127.41501, 37.12283], [127.41436, 37.12219], [127.41373, 37.12157], [127.41257, 37.11943], [127.41252, 37.11822], [127.41265, 37.11791], [127.41266, 37.11788], [127.41398, 37.11621], [127.41452, 37.11598], [127.41521, 37.1157], [127.41662, 37.11566], [127.41779, 37.11564], [127.41896, 37.11565], [127.42, 37.11572], [127.42017, 37.11573], [127.42027, 37.11573], [127.42341, 37.11445], [127.42566, 37.11311], [127.42511, 37.11271], [127.42307, 37.11119], [127.42315, 37.11114], [127.42341, 37.11096], [127.4242, 37.11042], [127.42459, 37.10944], [127.42297, 37.10809], [127.42107, 37.10651], [127.4211, 37.10579], [127.422, 37.10434], [127.42277, 37.10291], [127.42418, 37.0997], [127.42376, 37.09884], [127.42254, 37.0977], [127.42172, 37.09728], [127.42163, 37.09732], [127.42106, 37.09753], [127.41984, 37.09737], [127.41734, 37.09639], [127.41628, 37.09574], [127.41612, 37.09309], [127.41554, 37.09341], [127.40378, 37.09397], [127.40268, 37.09385], [127.40249, 37.09384], [127.40245, 37.09384], [127.40237, 37.09384], [127.40225, 37.09385], [127.40197, 37.09388], [127.39899, 37.09538], [127.39886, 37.09547], [127.39879, 37.09553], [127.39804, 37.09632], [127.39795, 37.09643], [127.39791, 37.09652], [127.39673, 37.09915], [127.39382, 37.10438], [127.39372, 37.10458], [127.39372, 37.10463], [127.39373, 37.10472], [127.39385, 37.10494], [127.39388, 37.10498], [127.39404, 37.10525], [127.39408, 37.10533], [127.39408, 37.10544], [127.39323, 37.1065], [127.39307, 37.10659], [127.39045, 37.10793], [127.39024, 37.10802], [127.38979, 37.10814], [127.38963, 37.10818], [127.38934, 37.10824], [127.38928, 37.10826], [127.3892, 37.10828], [127.38903, 37.10832], [127.38895, 37.10832], [127.38871, 37.10831], [127.3877, 37.10824], [127.38764, 37.10823], [127.38753, 37.1082], [127.38747, 37.10818], [127.38414, 37.10594], [127.38191, 37.10592], [127.38175, 37.10592], [127.38171, 37.10592], [127.38083, 37.10578], [127.38079, 37.10577], [127.37926, 37.10523], [127.3792, 37.1052], [127.37915, 37.10517], [127.37909, 37.10511], [127.37905, 37.10502], [127.37904, 37.10496], [127.37904, 37.10491], [127.37907, 37.10464], [127.3791, 37.10448], [127.37913, 37.10416], [127.37914, 37.10399], [127.37913, 37.10383], [127.37913, 37.10375], [127.37912, 37.10368], [127.37909, 37.10352], [127.37901, 37.10323], [127.37896, 37.10308], [127.37888, 37.10294], [127.37881, 37.10285], [127.37872, 37.10276], [127.3787, 37.10273], [127.37702, 37.10111], [127.37695, 37.1011], [127.37639, 37.10131], [127.37582, 37.10157], [127.37494, 37.10203], [127.37469, 37.10223], [127.37436, 37.10262], [127.37427, 37.10277], [127.37422, 37.10284], [127.37421, 37.10292], [127.3742, 37.10297], [127.37422, 37.10359], [127.37421, 37.10441], [127.37409, 37.10481], [127.37405, 37.10496], [127.37403, 37.10499], [127.37398, 37.10511], [127.37393, 37.10518], [127.37387, 37.10524], [127.3734, 37.1056], [127.37327, 37.10569], [127.373, 37.10582], [127.36926, 37.10677], [127.36899, 37.1068], [127.36122, 37.10751], [127.35909, 37.10757], [127.35904, 37.10757], [127.359, 37.10756], [127.35896, 37.10754], [127.35831, 37.10732], [127.35827, 37.10729], [127.35822, 37.10725], [127.35519, 37.10388], [127.35512, 37.1038], [127.35507, 37.10373], [127.35502, 37.10359], [127.35499, 37.10341], [127.35487, 37.10257], [127.35475, 37.10182], [127.35455, 37.101], [127.35442, 37.1006], [127.35345, 37.09999], [127.35335, 37.09997], [127.35313, 37.09997], [127.35295, 37.09998], [127.3528, 37.10001], [127.35243, 37.10012], [127.35238, 37.10015], [127.35232, 37.10018], [127.34768, 37.10357], [127.34495, 37.10332], [127.34437, 37.10359], [127.34343, 37.10402], [127.34087, 37.10762], [127.34062, 37.10799], [127.33969, 37.10932], [127.33551, 37.11069], [127.33336, 37.11174], [127.33159, 37.11508], [127.33095, 37.11653], [127.33078, 37.11682], [127.33006, 37.11656], [127.32959, 37.11881], [127.32672, 37.11944], [127.3271, 37.11969], [127.32725, 37.11995], [127.32795, 37.12216], [127.32813, 37.12305], [127.32796, 37.12387], [127.3279, 37.12399], [127.32792, 37.12401], [127.32796, 37.12411], [127.32912, 37.12568], [127.33129, 37.12779], [127.33392, 37.12929], [127.33788, 37.13094], [127.34155, 37.13147], [127.34234, 37.13167], [127.34467, 37.13255], [127.34513, 37.13283], [127.34652, 37.13509], [127.34628, 37.13568], [127.34624, 37.13583], [127.34622, 37.13589], [127.34625, 37.13606], [127.34782, 37.13852], [127.34983, 37.14168], [127.3526, 37.14593], [127.35609, 37.15029], [127.35612, 37.15214], [127.35608, 37.15227], [127.35606, 37.15236], [127.35567, 37.15288], [127.35551, 37.15304], [127.35515, 37.15317], [127.35509, 37.15316], [127.35464, 37.15315], [127.35438, 37.15314], [127.35416, 37.15299], [127.35398, 37.15287], [127.35377, 37.15269], [127.35207, 37.15216], [127.35177, 37.15216], [127.34885, 37.15293], [127.34808, 37.15326], [127.34607, 37.15468], [127.34614, 37.15482], [127.34708, 37.15608], [127.34752, 37.15664], [127.34777, 37.15692], [127.34809, 37.15713], [127.34832, 37.15718], [127.34854, 37.15713], [127.34871, 37.15702], [127.34884, 37.15691], [127.34887, 37.15689], [127.34897, 37.1568], [127.34911, 37.15677], [127.3493, 37.15678], [127.34951, 37.1569], [127.34978, 37.15717], [127.35003, 37.15742], [127.35008, 37.15751], [127.3501, 37.15755], [127.35068, 37.15904], [127.35063, 37.16174], [127.35061, 37.162], [127.35035, 37.16272], [127.35212, 37.16535], [127.35326, 37.16588], [127.3534, 37.16599], [127.3535, 37.1661], [127.354, 37.16823], [127.3544, 37.17028], [127.35441, 37.17039], [127.35303, 37.17052], [127.35223, 37.17052], [127.35149, 37.17054], [127.35024, 37.17069], [127.34097, 37.17261], [127.34085, 37.17265], [127.34036, 37.17279], [127.34002, 37.17296], [127.34003, 37.173], [127.34021, 37.17407], [127.34057, 37.17633], [127.33826, 37.17851], [127.33874, 37.17983], [127.33985, 37.18275], [127.33907, 37.18402], [127.3392, 37.18434], [127.3396, 37.18479], [127.33972, 37.18493], [127.34391, 37.1878], [127.34664, 37.18898], [127.34883, 37.19093], [127.35021, 37.1959], [127.35017, 37.19754], [127.34841, 37.20091], [127.34827, 37.20115], [127.34806, 37.20134], [127.34793, 37.20139], [127.34779, 37.20146], [127.3474, 37.2019], [127.34731, 37.20247], [127.34731, 37.20255], [127.34731, 37.20283], [127.3484, 37.20436], [127.3516, 37.20338], [127.35255, 37.20343], [127.35327, 37.20345], [127.35341, 37.20343], [127.35478, 37.20306], [127.35525, 37.2029], [127.35572, 37.20271], [127.35592, 37.20262], [127.35604, 37.20252], [127.3561, 37.20248], [127.35615, 37.20243], [127.35619, 37.20238], [127.3562, 37.20228], [127.35614, 37.20195], [127.3561, 37.20176], [127.35609, 37.20171], [127.3561, 37.2013], [127.35614, 37.20119], [127.35618, 37.20115], [127.35625, 37.20106], [127.35661, 37.20074], [127.35684, 37.20063], [127.35699, 37.20058], [127.35709, 37.20055], [127.35724, 37.2005], [127.3574, 37.20049], [127.35751, 37.20049], [127.35771, 37.20048], [127.36109, 37.20043], [127.36114, 37.20044], [127.36125, 37.20046], [127.36136, 37.20048], [127.36153, 37.20056], [127.3617, 37.20072], [127.3619, 37.20103], [127.36205, 37.20111], [127.36591, 37.20226], [127.36905, 37.2033], [127.37038, 37.20392]]]]}}, {"type": "Feature", "properties": {"행정코드": "4146136000", "동": "양지면", "구": "처인구"}, "geometry": {"type": "MultiPolygon", "coordinates": [[[[127.3388, 37.27054], [127.33978, 37.26847], [127.34094, 37.26582], [127.34096, 37.26577], [127.34095, 37.26568], [127.34088, 37.265], [127.34018, 37.26316], [127.33903, 37.2622], [127.3389, 37.26219], [127.33879, 37.26216], [127.33791, 37.26191], [127.33777, 37.26186], [127.33763, 37.26179], [127.33683, 37.26132], [127.33671, 37.26124], [127.33666, 37.26117], [127.33644, 37.26051], [127.33618, 37.25778], [127.33694, 37.25532], [127.33696, 37.25528], [127.33715, 37.25499], [127.33735, 37.25467], [127.33829, 37.25304], [127.33853, 37.25255], [127.33856, 37.25245], [127.33857, 37.25239], [127.3385, 37.25231], [127.33846, 37.25228], [127.33839, 37.25222], [127.33819, 37.25215], [127.3379, 37.25209], [127.33744, 37.25207], [127.33703, 37.25206], [127.33677, 37.252], [127.33607, 37.25163], [127.33344, 37.24932], [127.3334, 37.24925], [127.33333, 37.24914], [127.33322, 37.24893], [127.3328, 37.24788], [127.3327, 37.24764], [127.33269, 37.2476], [127.33164, 37.24457], [127.33115, 37.24312], [127.33115, 37.24302], [127.33116, 37.24293], [127.33118, 37.24282], [127.33119, 37.24274], [127.33131, 37.24249], [127.33134, 37.24244], [127.33297, 37.23991], [127.3331, 37.23973], [127.33326, 37.23951], [127.33374, 37.23908], [127.33416, 37.23882], [127.33445, 37.23781], [127.3345, 37.2357], [127.3345, 37.23528], [127.3342, 37.23141], [127.33339, 37.22716], [127.33207, 37.2249], [127.33087, 37.22304], [127.33187, 37.22], [127.33395, 37.21908], [127.33704, 37.21745], [127.33659, 37.2174], [127.3364, 37.21738], [127.33282, 37.21581], [127.3287, 37.21353], [127.32862, 37.21348], [127.32505, 37.21357], [127.32318, 37.21399], [127.31937, 37.21429], [127.31901, 37.21432], [127.31853, 37.21429], [127.31839, 37.21426], [127.3171, 37.21364], [127.31683, 37.21347], [127.31612, 37.21291], [127.31581, 37.21263], [127.31508, 37.21212], [127.31302, 37.21145], [127.31049, 37.21066], [127.31039, 37.21066], [127.31029, 37.21067], [127.30717, 37.21096], [127.30705, 37.21099], [127.30638, 37.21138], [127.30627, 37.21145], [127.30621, 37.21149], [127.30617, 37.21152], [127.30585, 37.21161], [127.30355, 37.21126], [127.30309, 37.21105], [127.29732, 37.206], [127.29277, 37.20208], [127.29266, 37.202], [127.2914, 37.20162], [127.28889, 37.20095], [127.28845, 37.20083], [127.28814, 37.20075], [127.28787, 37.20075], [127.28763, 37.20083], [127.2875, 37.20089], [127.28733, 37.20091], [127.28702, 37.20087], [127.28698, 37.20087], [127.28694, 37.20086], [127.28678, 37.20084], [127.28663, 37.20076], [127.28652, 37.20062], [127.28601, 37.19959], [127.28385, 37.19975], [127.28377, 37.19975], [127.28357, 37.19973], [127.27754, 37.19868], [127.27331, 37.20178], [127.27318, 37.2019], [127.27313, 37.20194], [127.27288, 37.20237], [127.27278, 37.20265], [127.2727, 37.20367], [127.27253, 37.20531], [127.27252, 37.20535], [127.2725, 37.20541], [127.27186, 37.2069], [127.26946, 37.21161], [127.2693, 37.2118], [127.26915, 37.21195], [127.2691, 37.21199], [127.26891, 37.21216], [127.26884, 37.21221], [127.26868, 37.21224], [127.26616, 37.21226], [127.26187, 37.21189], [127.26125, 37.2118], [127.26109, 37.21174], [127.25899, 37.21045], [127.25765, 37.20957], [127.25761, 37.20953], [127.25731, 37.20926], [127.25719, 37.20918], [127.25639, 37.20875], [127.25617, 37.20865], [127.25604, 37.2086], [127.25583, 37.2086], [127.25481, 37.20894], [127.25465, 37.20905], [127.25442, 37.20923], [127.25424, 37.20937], [127.25414, 37.20948], [127.25407, 37.20956], [127.25392, 37.20974], [127.25388, 37.20982], [127.25383, 37.20991], [127.25376, 37.21017], [127.25371, 37.21037], [127.25365, 37.21061], [127.25352, 37.21099], [127.25351, 37.21101], [127.25343, 37.21117], [127.25334, 37.21122], [127.25088, 37.21241], [127.25013, 37.21242], [127.24995, 37.21223], [127.2496, 37.21193], [127.24951, 37.21189], [127.24938, 37.2119], [127.24929, 37.21192], [127.24922, 37.21194], [127.24899, 37.21202], [127.24871, 37.21215], [127.24867, 37.21217], [127.24863, 37.21219], [127.24859, 37.21222], [127.24842, 37.21235], [127.24724, 37.21327], [127.24654, 37.21397], [127.24642, 37.21411], [127.24633, 37.21422], [127.24628, 37.21429], [127.24621, 37.2144], [127.24615, 37.21452], [127.2452, 37.21811], [127.24621, 37.21915], [127.24713, 37.22064], [127.24728, 37.22095], [127.24735, 37.22114], [127.24735, 37.2212], [127.24735, 37.22124], [127.24705, 37.22234], [127.24684, 37.22424], [127.24681, 37.22447], [127.2468, 37.22463], [127.24679, 37.22482], [127.24679, 37.22486], [127.2468, 37.22501], [127.24695, 37.22663], [127.24697, 37.22667], [127.247, 37.22674], [127.2504, 37.23096], [127.2538, 37.23561], [127.25391, 37.23577], [127.25395, 37.23584], [127.25397, 37.23595], [127.25289, 37.23788], [127.25282, 37.23795], [127.25057, 37.23828], [127.24788, 37.2382], [127.24777, 37.2382], [127.24767, 37.23821], [127.24675, 37.23856], [127.24665, 37.23864], [127.24532, 37.24087], [127.24414, 37.24189], [127.24331, 37.24286], [127.24328, 37.2429], [127.24318, 37.24304], [127.24313, 37.24316], [127.2431, 37.24324], [127.24305, 37.24342], [127.24304, 37.24347], [127.24299, 37.24391], [127.24287, 37.2457], [127.24293, 37.24613], [127.24291, 37.24637], [127.2429, 37.24642], [127.24289, 37.24648], [127.24287, 37.24658], [127.24224, 37.24765], [127.24183, 37.24792], [127.24151, 37.24812], [127.24106, 37.24832], [127.23747, 37.24959], [127.2371, 37.24971], [127.23687, 37.24978], [127.23658, 37.24974], [127.23648, 37.24971], [127.23637, 37.24969], [127.23618, 37.24957], [127.23596, 37.24949], [127.23566, 37.24939], [127.23424, 37.24895], [127.23412, 37.24893], [127.23405, 37.24893], [127.23391, 37.24893], [127.23335, 37.24899], [127.2322, 37.24917], [127.23211, 37.24921], [127.23202, 37.2493], [127.232, 37.24937], [127.232, 37.24946], [127.23208, 37.24958], [127.23373, 37.25169], [127.23386, 37.25183], [127.23391, 37.25187], [127.23404, 37.25195], [127.23425, 37.25205], [127.2344, 37.2521], [127.23445, 37.25212], [127.23505, 37.25228], [127.2351, 37.2523], [127.23547, 37.25238], [127.23588, 37.25252], [127.236, 37.25261], [127.23613, 37.2527], [127.23788, 37.25408], [127.23788, 37.25419], [127.23761, 37.25892], [127.2376, 37.25901], [127.23756, 37.25913], [127.23753, 37.25923], [127.23706, 37.26029], [127.23684, 37.26066], [127.23868, 37.26086], [127.24024, 37.26117], [127.24325, 37.26253], [127.24903, 37.26642], [127.24914, 37.26649], [127.24922, 37.26655], [127.24929, 37.26663], [127.24938, 37.26674], [127.24951, 37.26691], [127.24965, 37.26714], [127.24976, 37.26736], [127.252, 37.27006], [127.25437, 37.27197], [127.25641, 37.27286], [127.25883, 37.27458], [127.25972, 37.27567], [127.25981, 37.27576], [127.25991, 37.27586], [127.262, 37.27783], [127.26381, 37.27929], [127.2663, 37.28122], [127.26639, 37.28128], [127.26763, 37.28181], [127.26813, 37.28201], [127.26936, 37.28285], [127.27053, 37.28366], [127.27446, 37.28658], [127.27706, 37.28978], [127.27708, 37.28981], [127.27711, 37.28985], [127.2778, 37.2904], [127.27855, 37.28664], [127.2799, 37.28559], [127.27995, 37.28551], [127.28175, 37.27808], [127.28176, 37.27804], [127.28175, 37.27801], [127.28174, 37.27796], [127.28172, 37.27786], [127.28171, 37.27783], [127.28161, 37.27773], [127.28096, 37.2773], [127.28052, 37.27704], [127.27942, 37.2765], [127.27925, 37.27642], [127.27855, 37.27621], [127.27782, 37.27603], [127.27763, 37.27598], [127.27748, 37.27592], [127.27724, 37.27579], [127.27626, 37.27518], [127.2758, 37.27482], [127.27573, 37.27475], [127.27594, 37.27373], [127.27596, 37.2736], [127.27672, 37.27286], [127.27946, 37.27018], [127.28006, 37.26963], [127.28118, 37.2691], [127.28229, 37.26896], [127.28446, 37.26898], [127.28454, 37.26898], [127.28457, 37.26898], [127.28468, 37.26901], [127.28478, 37.26906], [127.28491, 37.26916], [127.28503, 37.26932], [127.28509, 37.26943], [127.28512, 37.26948], [127.28521, 37.26961], [127.28537, 37.26983], [127.28549, 37.26992], [127.28576, 37.27011], [127.28585, 37.27016], [127.28596, 37.27022], [127.28623, 37.27035], [127.28742, 37.27084], [127.28756, 37.27088], [127.29016, 37.27142], [127.29148, 37.27165], [127.29158, 37.27165], [127.29169, 37.27166], [127.29193, 37.27165], [127.29215, 37.2716], [127.29659, 37.27051], [127.29668, 37.27049], [127.29831, 37.26977], [127.29901, 37.26926], [127.29927, 37.26884], [127.29984, 37.26766], [127.29999, 37.26716], [127.30025, 37.26643], [127.30033, 37.26628], [127.30039, 37.26618], [127.30067, 37.26594], [127.30076, 37.26586], [127.30094, 37.26573], [127.30103, 37.26568], [127.30113, 37.26568], [127.30125, 37.26569], [127.30211, 37.26614], [127.30216, 37.26617], [127.30285, 37.26738], [127.30287, 37.26751], [127.30284, 37.26762], [127.30282, 37.26767], [127.30274, 37.26779], [127.30263, 37.26793], [127.30258, 37.26807], [127.30256, 37.26815], [127.30254, 37.26826], [127.30253, 37.26847], [127.30264, 37.2692], [127.30277, 37.26958], [127.3028, 37.26964], [127.3029, 37.2698], [127.30295, 37.26985], [127.30301, 37.26993], [127.30381, 37.2707], [127.30397, 37.27083], [127.30414, 37.27093], [127.30442, 37.27099], [127.30474, 37.27101], [127.30487, 37.27101], [127.30514, 37.27096], [127.30542, 37.27088], [127.30556, 37.27087], [127.30854, 37.2721], [127.30942, 37.27249], [127.31073, 37.27328], [127.31296, 37.27369], [127.31655, 37.27382], [127.31921, 37.27498], [127.31929, 37.27499], [127.32298, 37.27409], [127.32303, 37.27404], [127.32305, 37.27401], [127.32339, 37.27359], [127.33089, 37.27024], [127.33521, 37.27105], [127.33539, 37.27108], [127.33551, 37.27109], [127.3365, 37.2712], [127.33665, 37.27121], [127.33675, 37.2712], [127.3388, 37.27054]]]]}}, {"type": "Feature", "properties": {"행정코드": "4146151000", "동": "중앙동", "구": "처인구"}, "geometry": {"type": "MultiPolygon", "coordinates": [[[[127.21184, 37.24042], [127.20989, 37.23776], [127.20976, 37.23713], [127.20979, 37.23623], [127.20982, 37.23548], [127.20983, 37.23536], [127.20988, 37.23464], [127.21002, 37.23422], [127.21009, 37.23413], [127.21031, 37.23386], [127.21033, 37.23383], [127.21065, 37.23345], [127.21098, 37.23312], [127.21139, 37.23276], [127.2116, 37.23256], [127.21176, 37.23241], [127.21199, 37.23211], [127.21215, 37.23181], [127.21226, 37.23161], [127.21244, 37.23113], [127.21285, 37.22968], [127.21283, 37.22945], [127.21283, 37.22943], [127.21275, 37.22922], [127.2125, 37.22897], [127.2118, 37.2282], [127.21179, 37.22817], [127.21168, 37.22797], [127.21171, 37.22752], [127.21182, 37.22727], [127.21187, 37.22715], [127.21196, 37.22698], [127.21204, 37.22682], [127.21209, 37.2268], [127.21214, 37.22677], [127.21226, 37.2267], [127.2131, 37.22627], [127.21374, 37.22605], [127.21393, 37.22598], [127.21525, 37.22572], [127.21584, 37.22571], [127.21653, 37.22587], [127.21699, 37.22598], [127.21763, 37.22616], [127.21838, 37.22614], [127.21896, 37.22611], [127.21911, 37.2261], [127.2192, 37.2261], [127.2192, 37.22602], [127.21918, 37.21893], [127.22006, 37.21609], [127.22051, 37.21595], [127.22069, 37.21576], [127.22078, 37.21567], [127.22107, 37.21533], [127.22111, 37.21522], [127.221, 37.21489], [127.22083, 37.21475], [127.22064, 37.21459], [127.21993, 37.21466], [127.21982, 37.21471], [127.2193, 37.2149], [127.21726, 37.21466], [127.21164, 37.21468], [127.20794, 37.21414], [127.20543, 37.21355], [127.20462, 37.21339], [127.20454, 37.21338], [127.20445, 37.21337], [127.20265, 37.21337], [127.20254, 37.21337], [127.20105, 37.21349], [127.20075, 37.21351], [127.20044, 37.21358], [127.19572, 37.21425], [127.19438, 37.21404], [127.19425, 37.214], [127.19411, 37.21395], [127.19384, 37.21381], [127.19374, 37.21373], [127.19361, 37.2136], [127.1935, 37.21354], [127.19258, 37.21317], [127.19246, 37.21314], [127.19185, 37.21313], [127.18624, 37.21334], [127.18507, 37.21348], [127.18379, 37.2139], [127.18362, 37.21397], [127.18341, 37.21411], [127.18287, 37.21464], [127.17569, 37.22185], [127.17541, 37.22218], [127.17441, 37.22459], [127.17691, 37.22616], [127.17711, 37.22627], [127.17722, 37.2263], [127.17727, 37.22632], [127.17883, 37.22648], [127.18416, 37.22646], [127.18439, 37.22644], [127.18792, 37.22615], [127.18986, 37.22648], [127.19001, 37.22654], [127.19065, 37.2271], [127.19089, 37.22732], [127.19099, 37.22745], [127.19096, 37.22753], [127.19094, 37.22757], [127.19077, 37.23063], [127.19086, 37.23386], [127.1909, 37.23418], [127.19092, 37.23433], [127.19202, 37.23546], [127.19451, 37.23609], [127.19823, 37.23716], [127.19956, 37.23851], [127.1996, 37.23855], [127.19968, 37.23865], [127.20184, 37.2428], [127.20224, 37.24582], [127.21035, 37.24457], [127.211, 37.24415], [127.2111, 37.24408], [127.21115, 37.24398], [127.21129, 37.24346], [127.21122, 37.24313], [127.21108, 37.24148], [127.21115, 37.2413], [127.21116, 37.24126], [127.21184, 37.24042]]]]}}, {"type": "Feature", "properties": {"행정코드": "4146152600", "동": "삼가동", "구": "처인구"}, "geometry": {"type": "MultiPolygon", "coordinates": [[[[127.17691, 37.25466], [127.17604, 37.25388], [127.17578, 37.25295], [127.17567, 37.25189], [127.17618, 37.25019], [127.17537, 37.24895], [127.17557, 37.24808], [127.17534, 37.24712], [127.17487, 37.24662], [127.17461, 37.24569], [127.17585, 37.24507], [127.17605, 37.24445], [127.17876, 37.24359], [127.18106, 37.24295], [127.18246, 37.24214], [127.18223, 37.24115], [127.18037, 37.2404], [127.18033, 37.23938], [127.17948, 37.23839], [127.17779, 37.23668], [127.17674, 37.23543], [127.17613, 37.23332], [127.17493, 37.23239], [127.17312, 37.23062], [127.17169, 37.22934], [127.1705, 37.22726], [127.17016, 37.22565], [127.17056, 37.22528], [127.17055, 37.22521], [127.17055, 37.22513], [127.17057, 37.22502], [127.17047, 37.22479], [127.17024, 37.22453], [127.169, 37.22364], [127.16886, 37.22355], [127.16764, 37.22311], [127.16735, 37.22308], [127.1651, 37.22298], [127.16505, 37.22298], [127.16119, 37.22512], [127.16102, 37.22534], [127.16058, 37.226], [127.15897, 37.22726], [127.157, 37.22795], [127.15621, 37.22789], [127.15558, 37.22999], [127.15336, 37.23303], [127.1533, 37.23306], [127.15302, 37.23328], [127.1504, 37.23617], [127.15025, 37.23634], [127.15014, 37.23662], [127.15012, 37.23668], [127.1493, 37.24035], [127.14923, 37.24067], [127.14926, 37.24081], [127.14948, 37.24161], [127.14964, 37.24188], [127.15017, 37.24256], [127.15037, 37.2428], [127.15059, 37.24296], [127.15065, 37.24295], [127.15075, 37.24294], [127.15225, 37.24288], [127.15241, 37.24292], [127.15251, 37.24297], [127.15278, 37.24312], [127.15312, 37.24336], [127.15378, 37.24393], [127.15803, 37.24772], [127.15812, 37.24781], [127.15864, 37.24951], [127.1589, 37.25132], [127.15905, 37.25265], [127.15913, 37.25343], [127.15915, 37.25349], [127.15916, 37.25352], [127.15928, 37.25378], [127.15941, 37.25401], [127.15949, 37.25408], [127.15954, 37.25411], [127.15968, 37.25413], [127.15978, 37.25415], [127.16246, 37.25459], [127.16256, 37.2546], [127.16273, 37.25463], [127.163, 37.25465], [127.16315, 37.25465], [127.16337, 37.25464], [127.16605, 37.25423], [127.16994, 37.25498], [127.17008, 37.25503], [127.17022, 37.25514], [127.17042, 37.25537], [127.1732, 37.25745], [127.17512, 37.25834], [127.17636, 37.2558], [127.17691, 37.25466]]]]}}, {"type": "Feature", "properties": {"행정코드": "4146153500", "동": "유림1동", "구": "처인구"}, "geometry": {"type": "MultiPolygon", "coordinates": [[[[127.21402, 37.26543], [127.21582, 37.26234], [127.21743, 37.25998], [127.21845, 37.25734], [127.21916, 37.25461], [127.21887, 37.25295], [127.21751, 37.25156], [127.21562, 37.25022], [127.21406, 37.24866], [127.21397, 37.24715], [127.21417, 37.2452], [127.21347, 37.24361], [127.21213, 37.24195], [127.21115, 37.2413], [127.21108, 37.24148], [127.21122, 37.24313], [127.21129, 37.24346], [127.21115, 37.24398], [127.2111, 37.24408], [127.211, 37.24415], [127.21035, 37.24457], [127.20224, 37.24582], [127.19973, 37.24757], [127.19716, 37.25029], [127.19699, 37.25049], [127.19689, 37.25061], [127.19668, 37.25105], [127.19666, 37.25116], [127.19624, 37.25329], [127.19632, 37.25365], [127.19646, 37.25401], [127.1966, 37.25417], [127.19669, 37.25429], [127.19714, 37.25463], [127.19305, 37.25579], [127.18719, 37.25631], [127.18708, 37.2563], [127.18692, 37.25628], [127.18588, 37.25615], [127.18504, 37.25601], [127.18206, 37.25545], [127.17906, 37.25489], [127.17845, 37.25478], [127.17691, 37.25466], [127.17636, 37.2558], [127.17512, 37.25834], [127.17415, 37.26015], [127.17289, 37.26533], [127.17218, 37.26949], [127.17215, 37.26974], [127.17216, 37.26989], [127.17239, 37.27066], [127.17417, 37.26963], [127.17557, 37.26888], [127.17904, 37.26707], [127.17925, 37.267], [127.18309, 37.2666], [127.18338, 37.26658], [127.18364, 37.26665], [127.18723, 37.26759], [127.19025, 37.26978], [127.19033, 37.26984], [127.19038, 37.26987], [127.19046, 37.26992], [127.19059, 37.26993], [127.19068, 37.26994], [127.19418, 37.26858], [127.19505, 37.26796], [127.19521, 37.26782], [127.19582, 37.26704], [127.19712, 37.2661], [127.19882, 37.26526], [127.20066, 37.26459], [127.20097, 37.26451], [127.20202, 37.26645], [127.20252, 37.26858], [127.20253, 37.26873], [127.20256, 37.26883], [127.20261, 37.26887], [127.20267, 37.26891], [127.20275, 37.26891], [127.20504, 37.26878], [127.20767, 37.26949], [127.2083, 37.27023], [127.20838, 37.27027], [127.20928, 37.27076], [127.20937, 37.2708], [127.2095, 37.27081], [127.2096, 37.2708], [127.2104, 37.27068], [127.21049, 37.27065], [127.21059, 37.27058], [127.21064, 37.27055], [127.21073, 37.27047], [127.21103, 37.26953], [127.21116, 37.26917], [127.21134, 37.2688], [127.21152, 37.26845], [127.21165, 37.26819], [127.21232, 37.267], [127.21247, 37.2668], [127.21282, 37.26635], [127.21308, 37.26604], [127.21335, 37.26577], [127.21351, 37.26566], [127.21376, 37.26551], [127.21402, 37.26543]]]]}}, {"type": "Feature", "properties": {"행정코드": "4146154000", "동": "동부동", "구": "처인구"}, "geometry": {"type": "MultiPolygon", "coordinates": [[[[127.24665, 37.23864], [127.24675, 37.23856], [127.24767, 37.23821], [127.24777, 37.2382], [127.24788, 37.2382], [127.25057, 37.23828], [127.25282, 37.23795], [127.25289, 37.23788], [127.25397, 37.23595], [127.25395, 37.23584], [127.25391, 37.23577], [127.2538, 37.23561], [127.2504, 37.23096], [127.247, 37.22674], [127.24697, 37.22667], [127.24695, 37.22663], [127.2468, 37.22501], [127.24679, 37.22486], [127.24679, 37.22482], [127.2468, 37.22463], [127.24681, 37.22447], [127.24684, 37.22424], [127.24705, 37.22234], [127.24735, 37.22124], [127.24735, 37.2212], [127.24735, 37.22114], [127.24728, 37.22095], [127.24713, 37.22064], [127.24621, 37.21915], [127.2452, 37.21811], [127.24615, 37.21452], [127.24621, 37.2144], [127.24628, 37.21429], [127.24633, 37.21422], [127.24642, 37.21411], [127.24654, 37.21397], [127.24724, 37.21327], [127.24842, 37.21235], [127.24859, 37.21222], [127.24863, 37.21219], [127.24867, 37.21217], [127.24871, 37.21215], [127.24899, 37.21202], [127.24922, 37.21194], [127.24929, 37.21192], [127.24938, 37.2119], [127.24951, 37.21189], [127.2496, 37.21193], [127.24995, 37.21223], [127.25013, 37.21242], [127.25088, 37.21241], [127.25334, 37.21122], [127.25343, 37.21117], [127.25351, 37.21101], [127.25352, 37.21099], [127.25365, 37.21061], [127.25371, 37.21037], [127.25376, 37.21017], [127.25383, 37.20991], [127.25388, 37.20982], [127.25392, 37.20974], [127.25407, 37.20956], [127.25414, 37.20948], [127.25424, 37.20937], [127.25442, 37.20923], [127.25465, 37.20905], [127.25481, 37.20894], [127.25583, 37.2086], [127.25604, 37.2086], [127.25617, 37.20865], [127.25639, 37.20875], [127.25719, 37.20918], [127.25731, 37.20926], [127.25761, 37.20953], [127.25765, 37.20957], [127.25899, 37.21045], [127.26109, 37.21174], [127.26125, 37.2118], [127.26187, 37.21189], [127.26616, 37.21226], [127.26868, 37.21224], [127.26884, 37.21221], [127.26891, 37.21216], [127.2691, 37.21199], [127.26915, 37.21195], [127.2693, 37.2118], [127.26946, 37.21161], [127.27186, 37.2069], [127.2725, 37.20541], [127.27252, 37.20535], [127.27253, 37.20531], [127.2727, 37.20367], [127.27278, 37.20265], [127.27288, 37.20237], [127.27313, 37.20194], [127.27318, 37.2019], [127.27331, 37.20178], [127.27754, 37.19868], [127.28357, 37.19973], [127.28377, 37.19975], [127.28385, 37.19975], [127.28601, 37.19959], [127.28593, 37.19948], [127.28586, 37.1993], [127.28583, 37.19924], [127.28579, 37.19905], [127.28577, 37.19896], [127.28572, 37.1982], [127.28634, 37.19428], [127.28625, 37.1914], [127.28615, 37.18922], [127.28486, 37.18495], [127.28444, 37.1837], [127.28385, 37.18271], [127.28378, 37.18259], [127.28367, 37.18239], [127.28356, 37.1821], [127.28292, 37.18007], [127.28292, 37.18003], [127.28293, 37.17992], [127.28302, 37.17959], [127.28308, 37.17948], [127.28327, 37.17942], [127.2836, 37.17929], [127.28404, 37.17907], [127.28434, 37.17889], [127.28457, 37.17875], [127.28468, 37.17868], [127.28476, 37.17863], [127.28486, 37.17851], [127.28489, 37.17845], [127.28492, 37.17838], [127.28499, 37.17818], [127.285, 37.1775], [127.28431, 37.1736], [127.28325, 37.17114], [127.28254, 37.16957], [127.28017, 37.16485], [127.27953, 37.16423], [127.27948, 37.16422], [127.27944, 37.16423], [127.27817, 37.16475], [127.27776, 37.16492], [127.27755, 37.16505], [127.27737, 37.16518], [127.27722, 37.16526], [127.27716, 37.16528], [127.2757, 37.16543], [127.27563, 37.16543], [127.27558, 37.16543], [127.27329, 37.16512], [127.27268, 37.16659], [127.26932, 37.17119], [127.26496, 37.17215], [127.26402, 37.17202], [127.26234, 37.17371], [127.26224, 37.17387], [127.26159, 37.1753], [127.26142, 37.1757], [127.26141, 37.17574], [127.26118, 37.17636], [127.26113, 37.17653], [127.26112, 37.17658], [127.26092, 37.17729], [127.26057, 37.17843], [127.26044, 37.17867], [127.26027, 37.17889], [127.26018, 37.17895], [127.25748, 37.17968], [127.25289, 37.18252], [127.25233, 37.18276], [127.24926, 37.18391], [127.24892, 37.18394], [127.24863, 37.18405], [127.24836, 37.18424], [127.24822, 37.18441], [127.24751, 37.18648], [127.24659, 37.18979], [127.24447, 37.19119], [127.24348, 37.19207], [127.24343, 37.19211], [127.24337, 37.19218], [127.24333, 37.19225], [127.243, 37.19303], [127.2429, 37.1933], [127.24282, 37.19358], [127.24278, 37.1938], [127.24277, 37.19387], [127.24277, 37.1939], [127.24275, 37.19411], [127.24276, 37.19423], [127.24278, 37.1943], [127.24281, 37.1944], [127.24284, 37.19446], [127.24286, 37.19454], [127.24288, 37.19457], [127.24288, 37.19462], [127.24289, 37.19468], [127.24283, 37.19543], [127.24282, 37.19555], [127.24275, 37.1959], [127.24275, 37.19595], [127.2427, 37.1962], [127.24267, 37.19626], [127.24261, 37.19632], [127.24257, 37.19635], [127.24252, 37.19637], [127.24246, 37.1964], [127.24231, 37.19644], [127.24218, 37.19647], [127.24197, 37.19649], [127.24047, 37.19658], [127.24036, 37.19659], [127.24031, 37.19659], [127.24024, 37.19659], [127.23921, 37.19648], [127.23809, 37.19647], [127.23794, 37.19649], [127.2378, 37.19651], [127.23745, 37.19657], [127.23738, 37.19659], [127.23735, 37.1966], [127.23731, 37.19663], [127.23729, 37.19667], [127.23727, 37.19672], [127.23717, 37.19752], [127.23715, 37.19773], [127.23712, 37.19801], [127.2371, 37.1981], [127.23709, 37.19814], [127.23707, 37.19822], [127.23705, 37.19826], [127.23703, 37.19831], [127.237, 37.19834], [127.23696, 37.19837], [127.23693, 37.19838], [127.23689, 37.1984], [127.23579, 37.19889], [127.23571, 37.1989], [127.23471, 37.19899], [127.23464, 37.19899], [127.23458, 37.19899], [127.23447, 37.19898], [127.23436, 37.19896], [127.23394, 37.19886], [127.23208, 37.19894], [127.23194, 37.19903], [127.23181, 37.19911], [127.23164, 37.1992], [127.23156, 37.19923], [127.23148, 37.19926], [127.23135, 37.19929], [127.23128, 37.1993], [127.2312, 37.1993], [127.2311, 37.19928], [127.23103, 37.19925], [127.23088, 37.1992], [127.23083, 37.19918], [127.23066, 37.1991], [127.23046, 37.19902], [127.2303, 37.19896], [127.23022, 37.19895], [127.23016, 37.19895], [127.23009, 37.19895], [127.23, 37.19895], [127.2299, 37.19897], [127.22974, 37.19905], [127.2296, 37.19913], [127.22955, 37.19917], [127.22881, 37.19935], [127.22865, 37.19936], [127.22807, 37.19949], [127.22799, 37.19951], [127.22791, 37.19954], [127.2278, 37.19957], [127.22776, 37.19958], [127.22759, 37.19962], [127.22752, 37.19962], [127.22726, 37.19964], [127.2272, 37.19964], [127.22696, 37.19964], [127.22693, 37.19965], [127.22685, 37.19966], [127.22678, 37.19967], [127.22674, 37.1997], [127.22669, 37.19974], [127.22666, 37.19978], [127.22663, 37.19985], [127.22659, 37.19993], [127.22653, 37.20005], [127.22649, 37.20016], [127.22644, 37.20027], [127.2264, 37.2004], [127.22477, 37.20167], [127.22474, 37.2017], [127.22472, 37.20176], [127.22397, 37.20628], [127.22385, 37.20823], [127.22401, 37.20843], [127.22405, 37.2086], [127.22403, 37.20912], [127.22397, 37.20982], [127.22393, 37.21004], [127.22288, 37.21178], [127.22027, 37.21407], [127.21963, 37.21463], [127.2193, 37.2149], [127.21982, 37.21471], [127.21993, 37.21466], [127.22064, 37.21459], [127.22083, 37.21475], [127.221, 37.21489], [127.22111, 37.21522], [127.22107, 37.21533], [127.22078, 37.21567], [127.22069, 37.21576], [127.22051, 37.21595], [127.22006, 37.21609], [127.21918, 37.21893], [127.2192, 37.22602], [127.2192, 37.2261], [127.21911, 37.2261], [127.21896, 37.22611], [127.21838, 37.22614], [127.21763, 37.22616], [127.21699, 37.22598], [127.21653, 37.22587], [127.21584, 37.22571], [127.21525, 37.22572], [127.21393, 37.22598], [127.21374, 37.22605], [127.2131, 37.22627], [127.21226, 37.2267], [127.21214, 37.22677], [127.21209, 37.2268], [127.21204, 37.22682], [127.21196, 37.22698], [127.21187, 37.22715], [127.21182, 37.22727], [127.21171, 37.22752], [127.21168, 37.22797], [127.21179, 37.22817], [127.2118, 37.2282], [127.2125, 37.22897], [127.21275, 37.22922], [127.21283, 37.22943], [127.21283, 37.22945], [127.21285, 37.22968], [127.21244, 37.23113], [127.21226, 37.23161], [127.21215, 37.23181], [127.21199, 37.23211], [127.21176, 37.23241], [127.2116, 37.23256], [127.21139, 37.23276], [127.21098, 37.23312], [127.21065, 37.23345], [127.21033, 37.23383], [127.21031, 37.23386], [127.21009, 37.23413], [127.21002, 37.23422], [127.20988, 37.23464], [127.20983, 37.23536], [127.20982, 37.23548], [127.20979, 37.23623], [127.20976, 37.23713], [127.20989, 37.23776], [127.21184, 37.24042], [127.21241, 37.24018], [127.21553, 37.23842], [127.21567, 37.23825], [127.21572, 37.23819], [127.2158, 37.23795], [127.21585, 37.23779], [127.21585, 37.23771], [127.21589, 37.23724], [127.2159, 37.23709], [127.21595, 37.23674], [127.21596, 37.23668], [127.21602, 37.23655], [127.21614, 37.23631], [127.21641, 37.23603], [127.22129, 37.23409], [127.22173, 37.23394], [127.22218, 37.23385], [127.22252, 37.23384], [127.22325, 37.23391], [127.2256, 37.23417], [127.22644, 37.23436], [127.22649, 37.23437], [127.23035, 37.23552], [127.23038, 37.23555], [127.23219, 37.23756], [127.233, 37.23846], [127.23373, 37.2398], [127.23491, 37.24061], [127.23506, 37.24071], [127.24665, 37.23864]]]]}}, {"type": "Feature", "properties": {"행정코드": "4146352000", "동": "구갈동", "구": "기흥구"}, "geometry": {"type": "MultiPolygon", "coordinates": [[[[127.13209, 37.28126], [127.13453, 37.27667], [127.13415, 37.27465], [127.13415, 37.27457], [127.1343, 37.27104], [127.13432, 37.27064], [127.13432, 37.27058], [127.13433, 37.27045], [127.13435, 37.27027], [127.13438, 37.27016], [127.13459, 37.26997], [127.13489, 37.26975], [127.13518, 37.26958], [127.13536, 37.26923], [127.13409, 37.26757], [127.13399, 37.26751], [127.13392, 37.26747], [127.13384, 37.26742], [127.13316, 37.26728], [127.13214, 37.26704], [127.13107, 37.26553], [127.13057, 37.2648], [127.13054, 37.26472], [127.13054, 37.26468], [127.12889, 37.26541], [127.12784, 37.26578], [127.12676, 37.26603], [127.12563, 37.2664], [127.12451, 37.2668], [127.12175, 37.2678], [127.11782, 37.26925], [127.11736, 37.26947], [127.11721, 37.26958], [127.11708, 37.26973], [127.11702, 37.26983], [127.11698, 37.26991], [127.11694, 37.27002], [127.11691, 37.27011], [127.1169, 37.27014], [127.11689, 37.2702], [127.11693, 37.27034], [127.11698, 37.27046], [127.11704, 37.27064], [127.11718, 37.27094], [127.11723, 37.2712], [127.11723, 37.27124], [127.11721, 37.27127], [127.1166, 37.27157], [127.11656, 37.27158], [127.1142, 37.27161], [127.11408, 37.27159], [127.11357, 37.27149], [127.11297, 37.27187], [127.11087, 37.27109], [127.10915, 37.27088], [127.11026, 37.27181], [127.11327, 37.27477], [127.11335, 37.27495], [127.11337, 37.27502], [127.11339, 37.27512], [127.11333, 37.27512], [127.11323, 37.27511], [127.11313, 37.27511], [127.11266, 37.27481], [127.11227, 37.27456], [127.11166, 37.27414], [127.11117, 37.27379], [127.11071, 37.27356], [127.10953, 37.27308], [127.10952, 37.27356], [127.10951, 37.27458], [127.10957, 37.27774], [127.10958, 37.27812], [127.10959, 37.27883], [127.1096, 37.27906], [127.10963, 37.27962], [127.11137, 37.2829], [127.11341, 37.28435], [127.11787, 37.28671], [127.11872, 37.28705], [127.12015, 37.28699], [127.12185, 37.2866], [127.12333, 37.28664], [127.1241, 37.28666], [127.12593, 37.28722], [127.12693, 37.28897], [127.12775, 37.28911], [127.12847, 37.28903], [127.12874, 37.28893], [127.12879, 37.28891], [127.12888, 37.28885], [127.13138, 37.28738], [127.13157, 37.28724], [127.13182, 37.28687], [127.1318, 37.28676], [127.13209, 37.28126]]]]}}, {"type": "Feature", "properties": {"행정코드": "4146353500", "동": "보라동", "구": "기흥구"}, "geometry": {"type": "MultiPolygon", "coordinates": [[[[127.09982, 37.25886], [127.1015, 37.26034], [127.10197, 37.26098], [127.10332, 37.26128], [127.10416, 37.26119], [127.10436, 37.25996], [127.10553, 37.26042], [127.1057, 37.26082], [127.10684, 37.261], [127.1104, 37.261], [127.11208, 37.26111], [127.11322, 37.26062], [127.11416, 37.26129], [127.11513, 37.26084], [127.11678, 37.2618], [127.11779, 37.26263], [127.11775, 37.26346], [127.11906, 37.26427], [127.12165, 37.26418], [127.12346, 37.26367], [127.12538, 37.26464], [127.12676, 37.26603], [127.12784, 37.26578], [127.12889, 37.26541], [127.13054, 37.26468], [127.13107, 37.26392], [127.13194, 37.26253], [127.13217, 37.2608], [127.13189, 37.25926], [127.13291, 37.25629], [127.13649, 37.25493], [127.13659, 37.25488], [127.13663, 37.25486], [127.1375, 37.25438], [127.13849, 37.25319], [127.13884, 37.25227], [127.13913, 37.25143], [127.13923, 37.25122], [127.13929, 37.25109], [127.13934, 37.251], [127.1394, 37.25092], [127.1406, 37.25038], [127.1416, 37.24993], [127.14368, 37.24899], [127.14574, 37.24798], [127.14647, 37.24759], [127.14664, 37.24747], [127.15058, 37.24411], [127.15064, 37.24401], [127.15068, 37.24389], [127.15072, 37.2437], [127.15072, 37.24355], [127.15069, 37.24323], [127.15066, 37.24307], [127.15059, 37.24296], [127.15037, 37.2428], [127.15017, 37.24256], [127.14964, 37.24188], [127.14948, 37.24161], [127.14926, 37.24081], [127.14923, 37.24067], [127.1493, 37.24035], [127.15012, 37.23668], [127.15014, 37.23662], [127.15025, 37.23634], [127.1504, 37.23617], [127.15302, 37.23328], [127.1533, 37.23306], [127.15336, 37.23303], [127.15558, 37.22999], [127.15621, 37.22789], [127.15492, 37.22637], [127.15337, 37.22384], [127.15303, 37.22337], [127.15161, 37.223], [127.14983, 37.22169], [127.1403, 37.22273], [127.13916, 37.22263], [127.139, 37.22265], [127.13862, 37.2228], [127.13852, 37.22286], [127.13847, 37.22288], [127.13826, 37.223], [127.13744, 37.22351], [127.13691, 37.22415], [127.13614, 37.22518], [127.13406, 37.22802], [127.13397, 37.22842], [127.13391, 37.22898], [127.13395, 37.22946], [127.13396, 37.22989], [127.13393, 37.23072], [127.13386, 37.23174], [127.13178, 37.23637], [127.13068, 37.23823], [127.12997, 37.23931], [127.12953, 37.23987], [127.12597, 37.24417], [127.12361, 37.24655], [127.11951, 37.24781], [127.11917, 37.24788], [127.1164, 37.24756], [127.11454, 37.24722], [127.11444, 37.24719], [127.11436, 37.24715], [127.11406, 37.24703], [127.114, 37.24701], [127.11303, 37.24668], [127.11275, 37.24664], [127.11224, 37.24656], [127.11147, 37.24644], [127.10851, 37.24617], [127.10708, 37.24611], [127.10631, 37.24618], [127.10542, 37.24667], [127.10457, 37.24728], [127.10444, 37.24734], [127.10439, 37.24736], [127.10436, 37.24737], [127.10401, 37.24746], [127.10206, 37.24761], [127.1022, 37.24903], [127.10251, 37.25001], [127.10293, 37.25026], [127.10387, 37.25103], [127.10525, 37.25293], [127.10517, 37.25344], [127.10491, 37.25511], [127.09982, 37.25886]]]]}}, {"type": "Feature", "properties": {"행정코드": "4146354000", "동": "기흥동", "구": "기흥구"}, "geometry": {"type": "MultiPolygon", "coordinates": [[[[127.14983, 37.22169], [127.15018, 37.2213], [127.1503, 37.22117], [127.15122, 37.21894], [127.1516, 37.21854], [127.15125, 37.21872], [127.14956, 37.21896], [127.14847, 37.21907], [127.14791, 37.21905], [127.14449, 37.21868], [127.1443, 37.21864], [127.14329, 37.21838], [127.14002, 37.2175], [127.13966, 37.21733], [127.13814, 37.21649], [127.13739, 37.21605], [127.13714, 37.21591], [127.13709, 37.21588], [127.13676, 37.21568], [127.13618, 37.21564], [127.13421, 37.21603], [127.12966, 37.21746], [127.12672, 37.21751], [127.11909, 37.2194], [127.11738, 37.21996], [127.11553, 37.21925], [127.11525, 37.21917], [127.11518, 37.21915], [127.11318, 37.21919], [127.1101, 37.21931], [127.10883, 37.21944], [127.10852, 37.21952], [127.10826, 37.21957], [127.10811, 37.2196], [127.10779, 37.21963], [127.10717, 37.21971], [127.10666, 37.21975], [127.10588, 37.2198], [127.10465, 37.21986], [127.10433, 37.21982], [127.09558, 37.21829], [127.09253, 37.21753], [127.09106, 37.21697], [127.09088, 37.2169], [127.09052, 37.21676], [127.08896, 37.21636], [127.08878, 37.21644], [127.08891, 37.21841], [127.08897, 37.21869], [127.08898, 37.21874], [127.08909, 37.21914], [127.08924, 37.21958], [127.0893, 37.21974], [127.08936, 37.21983], [127.08943, 37.21992], [127.08976, 37.22031], [127.09013, 37.22061], [127.09047, 37.22082], [127.0912, 37.22121], [127.09134, 37.22129], [127.09194, 37.22164], [127.09213, 37.22178], [127.09251, 37.22208], [127.09307, 37.22253], [127.09358, 37.22308], [127.09474, 37.22443], [127.0947, 37.2258], [127.09468, 37.22593], [127.0946, 37.22602], [127.0945, 37.22609], [127.09441, 37.22612], [127.09381, 37.22625], [127.09371, 37.22625], [127.09344, 37.22625], [127.09337, 37.22622], [127.0933, 37.22617], [127.09096, 37.22678], [127.09071, 37.22838], [127.0907, 37.22855], [127.09069, 37.22867], [127.09069, 37.22878], [127.09072, 37.22891], [127.09139, 37.23075], [127.09219, 37.23224], [127.09224, 37.23229], [127.09287, 37.23299], [127.09291, 37.23304], [127.09297, 37.23312], [127.09311, 37.23356], [127.09329, 37.23435], [127.09333, 37.23461], [127.09333, 37.23467], [127.0933, 37.23496], [127.09329, 37.23509], [127.09323, 37.23562], [127.09321, 37.23571], [127.09318, 37.23578], [127.09315, 37.23586], [127.0927, 37.23673], [127.09267, 37.23678], [127.09265, 37.23681], [127.0925, 37.23693], [127.09236, 37.23703], [127.09233, 37.23707], [127.09226, 37.23725], [127.09224, 37.23733], [127.09199, 37.23977], [127.09327, 37.24258], [127.09362, 37.24329], [127.09379, 37.24362], [127.09494, 37.24371], [127.09658, 37.24422], [127.09817, 37.24485], [127.09887, 37.24518], [127.10199, 37.24716], [127.10202, 37.24737], [127.10206, 37.24761], [127.10401, 37.24746], [127.10436, 37.24737], [127.10439, 37.24736], [127.10444, 37.24734], [127.10457, 37.24728], [127.10542, 37.24667], [127.10631, 37.24618], [127.10708, 37.24611], [127.10851, 37.24617], [127.11147, 37.24644], [127.11224, 37.24656], [127.11275, 37.24664], [127.11303, 37.24668], [127.114, 37.24701], [127.11406, 37.24703], [127.11436, 37.24715], [127.11444, 37.24719], [127.11454, 37.24722], [127.1164, 37.24756], [127.11917, 37.24788], [127.11951, 37.24781], [127.12361, 37.24655], [127.12597, 37.24417], [127.12953, 37.23987], [127.12997, 37.23931], [127.13068, 37.23823], [127.13178, 37.23637], [127.13386, 37.23174], [127.13393, 37.23072], [127.13396, 37.22989], [127.13395, 37.22946], [127.13391, 37.22898], [127.13397, 37.22842], [127.13406, 37.22802], [127.13614, 37.22518], [127.13691, 37.22415], [127.13744, 37.22351], [127.13826, 37.223], [127.13847, 37.22288], [127.13852, 37.22286], [127.13862, 37.2228], [127.139, 37.22265], [127.13916, 37.22263], [127.1403, 37.22273], [127.14983, 37.22169]]]]}}, {"type": "Feature", "properties": {"행정코드": "4146355000", "동": "서농동", "구": "기흥구"}, "geometry": {"type": "MultiPolygon", "coordinates": [[[[127.09379, 37.24362], [127.09362, 37.24329], [127.09327, 37.24258], [127.09199, 37.23977], [127.09224, 37.23733], [127.09226, 37.23725], [127.09233, 37.23707], [127.09236, 37.23703], [127.0925, 37.23693], [127.09265, 37.23681], [127.09267, 37.23678], [127.0927, 37.23673], [127.09315, 37.23586], [127.09318, 37.23578], [127.09321, 37.23571], [127.09323, 37.23562], [127.09329, 37.23509], [127.0933, 37.23496], [127.09333, 37.23467], [127.09333, 37.23461], [127.09329, 37.23435], [127.09311, 37.23356], [127.09297, 37.23312], [127.09291, 37.23304], [127.09287, 37.23299], [127.09224, 37.23229], [127.09219, 37.23224], [127.09139, 37.23075], [127.09072, 37.22891], [127.09069, 37.22878], [127.09069, 37.22867], [127.0907, 37.22855], [127.09071, 37.22838], [127.09096, 37.22678], [127.0933, 37.22617], [127.09337, 37.22622], [127.09344, 37.22625], [127.09371, 37.22625], [127.09381, 37.22625], [127.09441, 37.22612], [127.0945, 37.22609], [127.0946, 37.22602], [127.09468, 37.22593], [127.0947, 37.2258], [127.09474, 37.22443], [127.09358, 37.22308], [127.09307, 37.22253], [127.09251, 37.22208], [127.09213, 37.22178], [127.09194, 37.22164], [127.09134, 37.22129], [127.0912, 37.22121], [127.09047, 37.22082], [127.09013, 37.22061], [127.08976, 37.22031], [127.08943, 37.21992], [127.08936, 37.21983], [127.0893, 37.21974], [127.08924, 37.21958], [127.08909, 37.21914], [127.08898, 37.21874], [127.08897, 37.21869], [127.08891, 37.21841], [127.08878, 37.21644], [127.08874, 37.21646], [127.0877, 37.21695], [127.08659, 37.21749], [127.08283, 37.21952], [127.08243, 37.21977], [127.08232, 37.21983], [127.08192, 37.22015], [127.07878, 37.22285], [127.07558, 37.2259], [127.07482, 37.22674], [127.07458, 37.22801], [127.07456, 37.22813], [127.07329, 37.22882], [127.0727, 37.22914], [127.0726, 37.22916], [127.0718, 37.22909], [127.07155, 37.22906], [127.07124, 37.22901], [127.07071, 37.22891], [127.06963, 37.22929], [127.06892, 37.22993], [127.06884, 37.23002], [127.06881, 37.23005], [127.06879, 37.23009], [127.06877, 37.23011], [127.06876, 37.23015], [127.068, 37.23468], [127.06802, 37.23669], [127.06802, 37.23672], [127.06822, 37.2371], [127.06829, 37.23711], [127.06836, 37.23713], [127.06842, 37.23713], [127.0685, 37.23715], [127.0685, 37.23719], [127.06849, 37.23732], [127.06843, 37.23765], [127.06818, 37.23851], [127.06805, 37.23876], [127.06798, 37.23884], [127.06778, 37.23905], [127.06668, 37.24015], [127.06709, 37.24037], [127.06712, 37.24082], [127.06694, 37.24099], [127.06688, 37.24122], [127.06663, 37.24124], [127.06631, 37.24101], [127.06598, 37.24105], [127.06609, 37.24202], [127.06633, 37.24293], [127.06621, 37.24388], [127.06687, 37.24416], [127.06758, 37.2445], [127.06828, 37.24489], [127.069, 37.24554], [127.06933, 37.24588], [127.06945, 37.246], [127.06948, 37.24603], [127.06954, 37.2461], [127.06962, 37.24619], [127.07073, 37.24649], [127.07078, 37.24651], [127.07098, 37.24656], [127.07233, 37.24686], [127.07261, 37.24692], [127.07421, 37.24718], [127.07543, 37.24741], [127.07549, 37.24742], [127.07651, 37.24753], [127.07779, 37.24751], [127.07784, 37.2475], [127.07841, 37.24751], [127.0786, 37.24751], [127.07928, 37.24753], [127.0796, 37.24753], [127.08004, 37.24754], [127.08127, 37.2485], [127.08211, 37.2494], [127.08205, 37.24762], [127.083, 37.2449], [127.08353, 37.24445], [127.08567, 37.24437], [127.09132, 37.24409], [127.09379, 37.24362]]]]}}, {"type": "Feature", "properties": {"행정코드": "4146356000", "동": "구성동", "구": "기흥구"}, "geometry": {"type": "MultiPolygon", "coordinates": [[[[127.16724, 37.30169], [127.16707, 37.30104], [127.16694, 37.30071], [127.16339, 37.29502], [127.1615, 37.29283], [127.16128, 37.2926], [127.1612, 37.29255], [127.16097, 37.2924], [127.16077, 37.29232], [127.16049, 37.29226], [127.15922, 37.29222], [127.15677, 37.29201], [127.15655, 37.29199], [127.15645, 37.29197], [127.15637, 37.29195], [127.1562, 37.29188], [127.15602, 37.29178], [127.15559, 37.29149], [127.15518, 37.29131], [127.1547, 37.29111], [127.15442, 37.29111], [127.15415, 37.29116], [127.1537, 37.29123], [127.15362, 37.29123], [127.15344, 37.29124], [127.1533, 37.29124], [127.15288, 37.29118], [127.15282, 37.29116], [127.15263, 37.2911], [127.15254, 37.29106], [127.15225, 37.29095], [127.15177, 37.29077], [127.15155, 37.29075], [127.15144, 37.29076], [127.1512, 37.29078], [127.15059, 37.29081], [127.15033, 37.29077], [127.14961, 37.29032], [127.14833, 37.28992], [127.14727, 37.28837], [127.14007, 37.28639], [127.13818, 37.28537], [127.13678, 37.28424], [127.13676, 37.2823], [127.13609, 37.28122], [127.13411, 37.28096], [127.13209, 37.28126], [127.1318, 37.28676], [127.13182, 37.28687], [127.13157, 37.28724], [127.13138, 37.28738], [127.12888, 37.28885], [127.12879, 37.28891], [127.12874, 37.28893], [127.12847, 37.28903], [127.12775, 37.28911], [127.12693, 37.28897], [127.12603, 37.28879], [127.12146, 37.28828], [127.11996, 37.28846], [127.11978, 37.28849], [127.11962, 37.28858], [127.11932, 37.28887], [127.11931, 37.28896], [127.11934, 37.2891], [127.11931, 37.28946], [127.11904, 37.29006], [127.11902, 37.29009], [127.11898, 37.29016], [127.11896, 37.29018], [127.11886, 37.29026], [127.11794, 37.29067], [127.11787, 37.29069], [127.11568, 37.29087], [127.11328, 37.29096], [127.11317, 37.29204], [127.11356, 37.2928], [127.11395, 37.29266], [127.11576, 37.29404], [127.11743, 37.29558], [127.11767, 37.29592], [127.11794, 37.29632], [127.11797, 37.29638], [127.11807, 37.29656], [127.11833, 37.29706], [127.11847, 37.29735], [127.11855, 37.29786], [127.11854, 37.298], [127.11853, 37.29816], [127.11863, 37.29849], [127.11864, 37.29853], [127.12056, 37.29969], [127.12145, 37.29957], [127.12274, 37.29937], [127.12343, 37.29919], [127.12367, 37.299], [127.12688, 37.30016], [127.1295, 37.30123], [127.1321, 37.30253], [127.13515, 37.30258], [127.1352, 37.30255], [127.13525, 37.30252], [127.1353, 37.30251], [127.13536, 37.3025], [127.14377, 37.30267], [127.14422, 37.3028], [127.14472, 37.30309], [127.14475, 37.30311], [127.14518, 37.30339], [127.14839, 37.30555], [127.14848, 37.30567], [127.14875, 37.3061], [127.15076, 37.30602], [127.1522, 37.30552], [127.15625, 37.30461], [127.15854, 37.30453], [127.16284, 37.3042], [127.16299, 37.30419], [127.16312, 37.30415], [127.16544, 37.30304], [127.16543, 37.30282], [127.1654, 37.30248], [127.16555, 37.30226], [127.16595, 37.30207], [127.16621, 37.30197], [127.16724, 37.30169]]]]}}, {"type": "Feature", "properties": {"행정코드": "4146357000", "동": "마북동", "구": "기흥구"}, "geometry": {"type": "MultiPolygon", "coordinates": [[[[127.13725, 37.32439], [127.13706, 37.32342], [127.13724, 37.32064], [127.13903, 37.31959], [127.14048, 37.31875], [127.14273, 37.3174], [127.14283, 37.31733], [127.14287, 37.31726], [127.14314, 37.31664], [127.14322, 37.31644], [127.14322, 37.31635], [127.14319, 37.31622], [127.14306, 37.31596], [127.14298, 37.31585], [127.14296, 37.3158], [127.14294, 37.31575], [127.14283, 37.31548], [127.14281, 37.31539], [127.14281, 37.31534], [127.14279, 37.31514], [127.1428, 37.31495], [127.14318, 37.31339], [127.14321, 37.31329], [127.14329, 37.31307], [127.14334, 37.31298], [127.14336, 37.31294], [127.14339, 37.31289], [127.14346, 37.31279], [127.14354, 37.3127], [127.14365, 37.3126], [127.14392, 37.31242], [127.14399, 37.31238], [127.14413, 37.31234], [127.14429, 37.3123], [127.14445, 37.31229], [127.14471, 37.31226], [127.14483, 37.31221], [127.14496, 37.31212], [127.14502, 37.31206], [127.14562, 37.31135], [127.14572, 37.31123], [127.14701, 37.30945], [127.14792, 37.3079], [127.1486, 37.30658], [127.14875, 37.3061], [127.14848, 37.30567], [127.14839, 37.30555], [127.14518, 37.30339], [127.14475, 37.30311], [127.14472, 37.30309], [127.14422, 37.3028], [127.14377, 37.30267], [127.13536, 37.3025], [127.1353, 37.30251], [127.13525, 37.30252], [127.1352, 37.30255], [127.13515, 37.30258], [127.1321, 37.30253], [127.1295, 37.30123], [127.12688, 37.30016], [127.12367, 37.299], [127.12343, 37.29919], [127.12274, 37.29937], [127.12145, 37.29957], [127.12056, 37.29969], [127.11864, 37.29853], [127.11863, 37.29849], [127.11853, 37.29816], [127.11854, 37.298], [127.11855, 37.29786], [127.11847, 37.29735], [127.11833, 37.29706], [127.11807, 37.29656], [127.11797, 37.29638], [127.11794, 37.29632], [127.11767, 37.29592], [127.11743, 37.29558], [127.11576, 37.29404], [127.11395, 37.29266], [127.11356, 37.2928], [127.11317, 37.29204], [127.11328, 37.29096], [127.11321, 37.29097], [127.11305, 37.291], [127.11281, 37.29098], [127.11056, 37.29055], [127.10949, 37.29025], [127.10932, 37.29022], [127.10913, 37.29019], [127.10851, 37.29019], [127.10829, 37.29037], [127.10815, 37.2907], [127.10812, 37.29108], [127.10812, 37.29158], [127.10796, 37.29189], [127.10767, 37.2924], [127.10744, 37.29259], [127.10703, 37.29284], [127.10386, 37.29309], [127.10384, 37.29358], [127.10382, 37.29411], [127.10378, 37.29551], [127.1041, 37.29548], [127.10446, 37.29534], [127.10505, 37.29535], [127.10505, 37.29835], [127.105, 37.30145], [127.10327, 37.30219], [127.10327, 37.30407], [127.10362, 37.30407], [127.10585, 37.30407], [127.10657, 37.30368], [127.10904, 37.303], [127.11505, 37.30247], [127.1164, 37.30242], [127.11662, 37.30243], [127.11686, 37.30256], [127.11696, 37.30269], [127.11713, 37.30294], [127.11723, 37.30307], [127.11725, 37.3031], [127.11795, 37.30373], [127.12196, 37.3058], [127.12362, 37.30606], [127.1262, 37.30779], [127.12551, 37.30949], [127.12532, 37.30975], [127.12462, 37.31071], [127.12427, 37.31352], [127.12443, 37.31374], [127.12459, 37.31395], [127.12585, 37.31523], [127.12709, 37.31539], [127.1304, 37.31792], [127.13463, 37.31984], [127.13395, 37.32157], [127.13373, 37.32173], [127.13259, 37.32237], [127.13265, 37.32241], [127.1327, 37.32244], [127.13278, 37.32248], [127.13282, 37.32249], [127.13296, 37.32253], [127.13307, 37.32256], [127.1332, 37.32262], [127.13328, 37.32266], [127.13334, 37.32271], [127.13349, 37.32286], [127.13372, 37.32316], [127.13393, 37.3234], [127.13395, 37.32343], [127.13401, 37.32346], [127.13411, 37.32351], [127.13424, 37.32355], [127.13445, 37.32365], [127.13461, 37.32374], [127.1348, 37.32389], [127.13488, 37.32396], [127.13495, 37.324], [127.13511, 37.3241], [127.1354, 37.32431], [127.13552, 37.32441], [127.13557, 37.32445], [127.13561, 37.32448], [127.13566, 37.32451], [127.13574, 37.32454], [127.13654, 37.3247], [127.1366, 37.3247], [127.13668, 37.32468], [127.13678, 37.32465], [127.13688, 37.3246], [127.13725, 37.32439]]]]}}, {"type": "Feature", "properties": {"행정코드": "4146357700", "동": "동백3동", "구": "기흥구"}, "geometry": {"type": "MultiPolygon", "coordinates": [[[[127.14961, 37.29032], [127.1521, 37.28081], [127.15226, 37.27984], [127.15189, 37.27909], [127.15091, 37.27818], [127.14809, 37.27596], [127.14802, 37.2755], [127.14829, 37.2748], [127.14979, 37.27156], [127.1521, 37.26809], [127.15146, 37.26718], [127.15059, 37.26603], [127.14865, 37.26466], [127.14791, 37.26611], [127.14783, 37.26638], [127.1477, 37.26678], [127.1476, 37.26799], [127.14771, 37.26943], [127.1479, 37.26999], [127.14792, 37.27005], [127.14808, 37.27118], [127.14663, 37.27122], [127.14452, 37.27115], [127.14455, 37.27141], [127.14466, 37.27171], [127.14472, 37.27292], [127.14471, 37.2751], [127.14273, 37.28108], [127.14248, 37.28165], [127.14038, 37.28506], [127.14033, 37.28512], [127.14009, 37.28524], [127.13987, 37.28531], [127.13959, 37.28533], [127.13847, 37.28531], [127.13818, 37.28537], [127.14007, 37.28639], [127.14727, 37.28837], [127.14833, 37.28992], [127.14961, 37.29032]]]]}}, {"type": "Feature", "properties": {"행정코드": "4146359000", "동": "보정동", "구": "기흥구"}, "geometry": {"type": "MultiPolygon", "coordinates": [[[[127.12585, 37.31523], [127.12459, 37.31395], [127.12443, 37.31374], [127.12427, 37.31352], [127.12462, 37.31071], [127.12532, 37.30975], [127.12551, 37.30949], [127.1262, 37.30779], [127.12362, 37.30606], [127.12196, 37.3058], [127.11795, 37.30373], [127.11725, 37.3031], [127.11723, 37.30307], [127.11713, 37.30294], [127.11696, 37.30269], [127.11686, 37.30256], [127.11662, 37.30243], [127.1164, 37.30242], [127.11505, 37.30247], [127.10904, 37.303], [127.10657, 37.30368], [127.10585, 37.30407], [127.10362, 37.30407], [127.10327, 37.30407], [127.10327, 37.30219], [127.105, 37.30145], [127.10505, 37.29835], [127.10505, 37.29535], [127.10446, 37.29534], [127.1041, 37.29548], [127.10378, 37.29551], [127.10382, 37.29411], [127.10384, 37.29358], [127.10386, 37.29309], [127.10179, 37.29319], [127.10146, 37.29313], [127.10121, 37.29303], [127.10109, 37.29298], [127.10079, 37.29284], [127.10055, 37.29263], [127.10042, 37.29239], [127.10018, 37.29215], [127.09952, 37.29179], [127.0991, 37.29161], [127.0989, 37.2916], [127.09866, 37.29159], [127.09749, 37.29192], [127.09486, 37.29275], [127.09475, 37.29279], [127.09452, 37.29294], [127.09444, 37.293], [127.09429, 37.29318], [127.09413, 37.2934], [127.08831, 37.29317], [127.09058, 37.29714], [127.08988, 37.29841], [127.09255, 37.30113], [127.09303, 37.30141], [127.09325, 37.30446], [127.09329, 37.30719], [127.09296, 37.30796], [127.0928, 37.30803], [127.09167, 37.30891], [127.09149, 37.30912], [127.09148, 37.30919], [127.09148, 37.30922], [127.09147, 37.30928], [127.09154, 37.30947], [127.09229, 37.30994], [127.09288, 37.31153], [127.0944, 37.31238], [127.09393, 37.31314], [127.09625, 37.3133], [127.09884, 37.313], [127.09983, 37.31314], [127.09993, 37.31364], [127.10035, 37.31896], [127.09728, 37.3202], [127.09763, 37.32095], [127.0982, 37.32148], [127.09847, 37.32168], [127.09874, 37.32186], [127.0992, 37.32201], [127.09936, 37.32205], [127.09979, 37.3221], [127.10032, 37.32213], [127.10076, 37.32216], [127.10157, 37.32226], [127.10182, 37.32229], [127.1022, 37.3224], [127.1025, 37.32251], [127.10281, 37.32267], [127.10457, 37.32364], [127.1108, 37.32423], [127.11135, 37.32421], [127.11151, 37.32412], [127.11171, 37.32397], [127.11304, 37.32229], [127.1131, 37.32207], [127.1131, 37.32117], [127.1131, 37.32104], [127.1131, 37.3209], [127.1169, 37.32091], [127.11765, 37.32092], [127.12221, 37.32126], [127.12328, 37.3214], [127.12331, 37.3214], [127.12337, 37.3214], [127.12453, 37.32128], [127.12456, 37.32127], [127.1266, 37.31933], [127.12669, 37.3192], [127.12708, 37.31842], [127.12626, 37.31626], [127.12585, 37.31523]]]]}}, {"type": "Feature", "properties": {"행정코드": "4146358600", "동": "상하동", "구": "기흥구"}, "geometry": {"type": "MultiPolygon", "coordinates": [[[[127.15913, 37.25343], [127.15905, 37.25265], [127.1589, 37.25132], [127.15864, 37.24951], [127.15812, 37.24781], [127.15803, 37.24772], [127.15378, 37.24393], [127.15312, 37.24336], [127.15278, 37.24312], [127.15251, 37.24297], [127.15241, 37.24292], [127.15225, 37.24288], [127.15075, 37.24294], [127.15065, 37.24295], [127.15059, 37.24296], [127.15066, 37.24307], [127.15069, 37.24323], [127.15072, 37.24355], [127.15072, 37.2437], [127.15068, 37.24389], [127.15064, 37.24401], [127.15058, 37.24411], [127.14664, 37.24747], [127.14647, 37.24759], [127.14574, 37.24798], [127.14368, 37.24899], [127.1416, 37.24993], [127.1406, 37.25038], [127.1394, 37.25092], [127.13934, 37.251], [127.13929, 37.25109], [127.13923, 37.25122], [127.13913, 37.25143], [127.13884, 37.25227], [127.13849, 37.25319], [127.1375, 37.25438], [127.13663, 37.25486], [127.13659, 37.25488], [127.13649, 37.25493], [127.13291, 37.25629], [127.13189, 37.25926], [127.13217, 37.2608], [127.13194, 37.26253], [127.13107, 37.26392], [127.13054, 37.26468], [127.13054, 37.26472], [127.13057, 37.2648], [127.13107, 37.26553], [127.13214, 37.26704], [127.13316, 37.26728], [127.13384, 37.26742], [127.13392, 37.26747], [127.13399, 37.26751], [127.13409, 37.26757], [127.13536, 37.26923], [127.13518, 37.26958], [127.13489, 37.26975], [127.13459, 37.26997], [127.13438, 37.27016], [127.13435, 37.27027], [127.13433, 37.27045], [127.13432, 37.27058], [127.13432, 37.27064], [127.1343, 37.27104], [127.13415, 37.27457], [127.13415, 37.27465], [127.13453, 37.27667], [127.13209, 37.28126], [127.13411, 37.28096], [127.13609, 37.28122], [127.13676, 37.2823], [127.13678, 37.28424], [127.13818, 37.28537], [127.13847, 37.28531], [127.13959, 37.28533], [127.13987, 37.28531], [127.14009, 37.28524], [127.14033, 37.28512], [127.14038, 37.28506], [127.14248, 37.28165], [127.14273, 37.28108], [127.14471, 37.2751], [127.14472, 37.27292], [127.14466, 37.27171], [127.14455, 37.27141], [127.14452, 37.27115], [127.14663, 37.27122], [127.14808, 37.27118], [127.14792, 37.27005], [127.1479, 37.26999], [127.14771, 37.26943], [127.1476, 37.26799], [127.1477, 37.26678], [127.14783, 37.26638], [127.14791, 37.26611], [127.14865, 37.26466], [127.14974, 37.26343], [127.1501, 37.26304], [127.15029, 37.26283], [127.15155, 37.26146], [127.15258, 37.2605], [127.15402, 37.25917], [127.15636, 37.25695], [127.15668, 37.25629], [127.15668, 37.25604], [127.15659, 37.25554], [127.15659, 37.25501], [127.15693, 37.25394], [127.15697, 37.25388], [127.15707, 37.2537], [127.158, 37.25355], [127.15842, 37.25348], [127.15897, 37.25342], [127.15913, 37.25343]]]]}}, {"type": "Feature", "properties": {"행정코드": "4146351000", "동": "신갈동", "구": "기흥구"}, "geometry": {"type": "MultiPolygon", "coordinates": [[[[127.10386, 37.29309], [127.10703, 37.29284], [127.10744, 37.29259], [127.10767, 37.2924], [127.10796, 37.29189], [127.10812, 37.29158], [127.10812, 37.29108], [127.10815, 37.2907], [127.10829, 37.29037], [127.10851, 37.29019], [127.10913, 37.29019], [127.10932, 37.29022], [127.10949, 37.29025], [127.11056, 37.29055], [127.11281, 37.29098], [127.11305, 37.291], [127.11321, 37.29097], [127.11328, 37.29096], [127.11568, 37.29087], [127.11787, 37.29069], [127.11794, 37.29067], [127.11886, 37.29026], [127.11896, 37.29018], [127.11898, 37.29016], [127.11902, 37.29009], [127.11904, 37.29006], [127.11931, 37.28946], [127.11934, 37.2891], [127.11931, 37.28896], [127.11932, 37.28887], [127.11962, 37.28858], [127.11978, 37.28849], [127.11996, 37.28846], [127.12146, 37.28828], [127.12603, 37.28879], [127.12693, 37.28897], [127.12593, 37.28722], [127.1241, 37.28666], [127.12333, 37.28664], [127.12185, 37.2866], [127.12015, 37.28699], [127.11872, 37.28705], [127.11787, 37.28671], [127.11341, 37.28435], [127.11137, 37.2829], [127.10963, 37.27962], [127.1096, 37.27906], [127.10959, 37.27883], [127.10958, 37.27812], [127.10957, 37.27774], [127.10951, 37.27458], [127.10952, 37.27356], [127.10953, 37.27308], [127.11071, 37.27356], [127.11117, 37.27379], [127.11166, 37.27414], [127.11227, 37.27456], [127.11266, 37.27481], [127.11313, 37.27511], [127.11323, 37.27511], [127.11333, 37.27512], [127.11339, 37.27512], [127.11337, 37.27502], [127.11335, 37.27495], [127.11327, 37.27477], [127.11026, 37.27181], [127.10915, 37.27088], [127.10379, 37.26955], [127.10376, 37.26954], [127.10248, 37.269], [127.102, 37.26873], [127.10153, 37.26836], [127.09981, 37.27007], [127.09912, 37.2725], [127.0976, 37.27321], [127.09651, 37.27372], [127.09572, 37.2741], [127.09568, 37.27414], [127.09491, 37.2753], [127.09417, 37.27642], [127.0938, 37.27697], [127.09146, 37.27788], [127.09081, 37.27834], [127.09026, 37.27894], [127.0902, 37.27901], [127.0901, 37.27914], [127.08778, 37.28304], [127.09124, 37.28443], [127.09134, 37.28444], [127.09137, 37.28445], [127.09346, 37.28413], [127.09473, 37.28356], [127.09478, 37.28349], [127.09495, 37.28327], [127.09497, 37.28323], [127.09498, 37.28319], [127.09495, 37.28312], [127.09491, 37.28308], [127.09485, 37.28302], [127.09479, 37.28295], [127.0948, 37.28293], [127.09481, 37.28289], [127.09489, 37.28285], [127.09498, 37.28284], [127.09511, 37.28287], [127.09593, 37.28322], [127.09598, 37.28328], [127.09602, 37.28343], [127.09603, 37.2836], [127.09595, 37.28404], [127.09453, 37.28547], [127.09355, 37.28644], [127.08863, 37.28687], [127.08883, 37.28697], [127.08894, 37.28714], [127.08877, 37.28811], [127.08816, 37.2894], [127.08797, 37.28988], [127.08791, 37.29018], [127.08789, 37.29028], [127.08792, 37.2907], [127.08831, 37.29317], [127.09413, 37.2934], [127.09429, 37.29318], [127.09444, 37.293], [127.09452, 37.29294], [127.09475, 37.29279], [127.09486, 37.29275], [127.09749, 37.29192], [127.09866, 37.29159], [127.0989, 37.2916], [127.0991, 37.29161], [127.09952, 37.29179], [127.10018, 37.29215], [127.10042, 37.29239], [127.10055, 37.29263], [127.10079, 37.29284], [127.10109, 37.29298], [127.10121, 37.29303], [127.10146, 37.29313], [127.10179, 37.29319], [127.10386, 37.29309]]]]}}, {"type": "Feature", "properties": {"행정코드": "4146351700", "동": "영덕2동", "구": "기흥구"}, "geometry": {"type": "MultiPolygon", "coordinates": [[[[127.08553, 37.27051], [127.08718, 37.27124], [127.0899, 37.27138], [127.09212, 37.271], [127.09588, 37.2703], [127.09933, 37.26973], [127.09981, 37.27007], [127.10153, 37.26836], [127.10123, 37.26726], [127.1004, 37.26481], [127.09924, 37.26194], [127.09857, 37.26075], [127.09823, 37.26003], [127.09982, 37.25886], [127.10491, 37.25511], [127.10517, 37.25344], [127.10525, 37.25293], [127.10387, 37.25103], [127.10293, 37.25026], [127.10251, 37.25001], [127.1022, 37.24903], [127.10206, 37.24761], [127.10202, 37.24737], [127.10199, 37.24716], [127.09887, 37.24518], [127.09817, 37.24485], [127.09658, 37.24422], [127.09494, 37.24371], [127.09379, 37.24362], [127.09132, 37.24409], [127.08567, 37.24437], [127.08353, 37.24445], [127.083, 37.2449], [127.08205, 37.24762], [127.08211, 37.2494], [127.08249, 37.25009], [127.08193, 37.25086], [127.08258, 37.25161], [127.08182, 37.25268], [127.08244, 37.25445], [127.08336, 37.25474], [127.08463, 37.25633], [127.0847, 37.25661], [127.08378, 37.25847], [127.08105, 37.2585], [127.08104, 37.25925], [127.08105, 37.25997], [127.08122, 37.26059], [127.08284, 37.26215], [127.08352, 37.26231], [127.08415, 37.26245], [127.08451, 37.26282], [127.0862, 37.26477], [127.08605, 37.26603], [127.0857, 37.26744], [127.08553, 37.27051]]]]}}, {"type": "Feature", "properties": {"행정코드": "4146551000", "동": "풍덕천1동", "구": "수지구"}, "geometry": {"type": "MultiPolygon", "coordinates": [[[[127.10278, 37.33319], [127.10276, 37.33237], [127.10276, 37.33225], [127.10276, 37.33219], [127.10277, 37.33136], [127.10277, 37.33088], [127.10281, 37.32923], [127.10292, 37.32527], [127.10295, 37.32473], [127.10298, 37.32423], [127.10457, 37.32364], [127.10281, 37.32267], [127.1025, 37.32251], [127.1022, 37.3224], [127.10182, 37.32229], [127.10157, 37.32226], [127.10076, 37.32216], [127.10032, 37.32213], [127.09979, 37.3221], [127.09936, 37.32205], [127.0992, 37.32201], [127.09874, 37.32186], [127.09847, 37.32168], [127.0982, 37.32148], [127.09763, 37.32095], [127.09616, 37.32253], [127.09508, 37.32367], [127.08966, 37.32487], [127.0879, 37.32478], [127.08786, 37.32478], [127.08674, 37.32515], [127.08556, 37.32585], [127.0851, 37.32626], [127.08471, 37.3266], [127.08438, 37.32704], [127.0842, 37.32729], [127.08389, 37.32783], [127.0838, 37.32799], [127.08364, 37.32876], [127.08366, 37.32937], [127.08367, 37.32957], [127.08395, 37.33056], [127.08398, 37.33064], [127.08404, 37.33075], [127.0841, 37.33084], [127.08457, 37.33092], [127.08503, 37.331], [127.08505, 37.33104], [127.085, 37.33118], [127.0849, 37.33136], [127.08417, 37.33167], [127.08201, 37.33253], [127.0814, 37.33276], [127.08152, 37.33284], [127.08223, 37.3333], [127.0824, 37.33336], [127.08247, 37.33336], [127.08431, 37.33316], [127.08526, 37.333], [127.08534, 37.33298], [127.08938, 37.33152], [127.08969, 37.33077], [127.08966, 37.33032], [127.09273, 37.32953], [127.09367, 37.33374], [127.0952, 37.33319], [127.09916, 37.33317], [127.09924, 37.33318], [127.10088, 37.33318], [127.10187, 37.33319], [127.10278, 37.33319]]]]}}, {"type": "Feature", "properties": {"행정코드": "4146552000", "동": "풍덕천2동", "구": "수지구"}, "geometry": {"type": "MultiPolygon", "coordinates": [[[[127.09763, 37.32095], [127.09728, 37.3202], [127.10035, 37.31896], [127.09993, 37.31364], [127.09983, 37.31314], [127.09884, 37.313], [127.09625, 37.3133], [127.09393, 37.31314], [127.09305, 37.31431], [127.09203, 37.31484], [127.09013, 37.31449], [127.08749, 37.31462], [127.08693, 37.31384], [127.08688, 37.3139], [127.08685, 37.31393], [127.0866, 37.31397], [127.0847, 37.31407], [127.08451, 37.31402], [127.08383, 37.31383], [127.08336, 37.31373], [127.08328, 37.31372], [127.08316, 37.31371], [127.08297, 37.31369], [127.0828, 37.31368], [127.08264, 37.31368], [127.08245, 37.3137], [127.08224, 37.31375], [127.08186, 37.31387], [127.08146, 37.31401], [127.08112, 37.31413], [127.08113, 37.31434], [127.08114, 37.31452], [127.08116, 37.31465], [127.0812, 37.31488], [127.08122, 37.31499], [127.08137, 37.31525], [127.08144, 37.31537], [127.08217, 37.31656], [127.08266, 37.31735], [127.08303, 37.31793], [127.08357, 37.31893], [127.08474, 37.32091], [127.08512, 37.32136], [127.08517, 37.32143], [127.08537, 37.32166], [127.08448, 37.32344], [127.08328, 37.32581], [127.08318, 37.32586], [127.08294, 37.32589], [127.08253, 37.32596], [127.0824, 37.32602], [127.08233, 37.32606], [127.08184, 37.32636], [127.08097, 37.32702], [127.08081, 37.32726], [127.08071, 37.32742], [127.08062, 37.32813], [127.08019, 37.33175], [127.0814, 37.33276], [127.08201, 37.33253], [127.08417, 37.33167], [127.0849, 37.33136], [127.085, 37.33118], [127.08505, 37.33104], [127.08503, 37.331], [127.08457, 37.33092], [127.0841, 37.33084], [127.08404, 37.33075], [127.08398, 37.33064], [127.08395, 37.33056], [127.08367, 37.32957], [127.08366, 37.32937], [127.08364, 37.32876], [127.0838, 37.32799], [127.08389, 37.32783], [127.0842, 37.32729], [127.08438, 37.32704], [127.08471, 37.3266], [127.0851, 37.32626], [127.08556, 37.32585], [127.08674, 37.32515], [127.08786, 37.32478], [127.0879, 37.32478], [127.08966, 37.32487], [127.09508, 37.32367], [127.09616, 37.32253], [127.09763, 37.32095]]]]}}, {"type": "Feature", "properties": {"행정코드": "4146553000", "동": "신봉동", "구": "수지구"}, "geometry": {"type": "MultiPolygon", "coordinates": [[[[127.08019, 37.33175], [127.08062, 37.32813], [127.08071, 37.32742], [127.08081, 37.32726], [127.08097, 37.32702], [127.08184, 37.32636], [127.08233, 37.32606], [127.0824, 37.32602], [127.08253, 37.32596], [127.08294, 37.32589], [127.08318, 37.32586], [127.08328, 37.32581], [127.08448, 37.32344], [127.08537, 37.32166], [127.08517, 37.32143], [127.08512, 37.32136], [127.08474, 37.32091], [127.08357, 37.31893], [127.08303, 37.31793], [127.08103, 37.31891], [127.07894, 37.31979], [127.07702, 37.32005], [127.07689, 37.32006], [127.07606, 37.32026], [127.07427, 37.32086], [127.07333, 37.32165], [127.07328, 37.3217], [127.06916, 37.32318], [127.06909, 37.3232], [127.06724, 37.32375], [127.06716, 37.32377], [127.06709, 37.32377], [127.067, 37.32377], [127.06577, 37.32377], [127.06568, 37.32377], [127.06308, 37.32439], [127.06299, 37.32443], [127.05845, 37.32662], [127.05856, 37.32761], [127.0586, 37.32796], [127.05834, 37.32805], [127.05821, 37.3281], [127.05661, 37.32822], [127.05477, 37.32833], [127.05127, 37.32834], [127.04446, 37.32846], [127.04388, 37.32847], [127.04317, 37.32862], [127.0425, 37.32886], [127.04148, 37.32904], [127.04115, 37.32907], [127.04061, 37.32913], [127.04016, 37.32914], [127.0401, 37.32913], [127.03977, 37.32908], [127.03941, 37.32897], [127.03827, 37.3285], [127.0378, 37.3286], [127.03763, 37.32865], [127.03748, 37.32877], [127.03686, 37.32944], [127.03595, 37.331], [127.0359, 37.33127], [127.03589, 37.33156], [127.03594, 37.33181], [127.03606, 37.33211], [127.03602, 37.33239], [127.03514, 37.33392], [127.03501, 37.33409], [127.03486, 37.33429], [127.03483, 37.33432], [127.03477, 37.33438], [127.03458, 37.33453], [127.03289, 37.33573], [127.03163, 37.33678], [127.0316, 37.33683], [127.03153, 37.337], [127.0315, 37.33891], [127.03152, 37.33922], [127.03201, 37.34207], [127.03207, 37.34238], [127.03303, 37.34412], [127.03305, 37.34417], [127.03324, 37.34444], [127.03344, 37.34471], [127.03596, 37.34469], [127.03725, 37.34368], [127.03764, 37.34286], [127.0377, 37.3428], [127.0397, 37.34186], [127.03981, 37.34181], [127.04003, 37.34171], [127.04037, 37.34157], [127.04082, 37.3415], [127.04112, 37.34147], [127.04139, 37.34147], [127.04158, 37.34149], [127.04256, 37.34167], [127.04282, 37.34176], [127.0435, 37.34206], [127.04365, 37.34215], [127.04399, 37.34228], [127.04433, 37.34233], [127.05104, 37.34183], [127.05223, 37.34213], [127.05244, 37.34217], [127.05267, 37.34218], [127.05276, 37.34218], [127.0582, 37.34117], [127.05837, 37.34111], [127.06134, 37.33999], [127.06659, 37.3377], [127.06681, 37.33755], [127.06698, 37.33744], [127.0681, 37.33651], [127.06822, 37.33639], [127.06848, 37.3361], [127.06866, 37.33589], [127.06869, 37.33585], [127.06884, 37.33567], [127.06889, 37.33556], [127.06892, 37.33548], [127.06895, 37.33525], [127.07309, 37.3339], [127.07793, 37.33238], [127.08019, 37.33175]]]]}}, {"type": "Feature", "properties": {"행정코드": "4146555500", "동": "죽전3동", "구": "수지구"}, "geometry": {"type": "MultiPolygon", "coordinates": [[[[127.11121, 37.32683], [127.11249, 37.3272], [127.11485, 37.32869], [127.11589, 37.32916], [127.11865, 37.32979], [127.12105, 37.33029], [127.12323, 37.3299], [127.12482, 37.32969], [127.12672, 37.32972], [127.12828, 37.32945], [127.12878, 37.3292], [127.12913, 37.32877], [127.1291, 37.32803], [127.12937, 37.32759], [127.13081, 37.32716], [127.13151, 37.32698], [127.13376, 37.32758], [127.13554, 37.32783], [127.13686, 37.32805], [127.13756, 37.3283], [127.13861, 37.32824], [127.14086, 37.32893], [127.14132, 37.32908], [127.14134, 37.32886], [127.14148, 37.32817], [127.14161, 37.32772], [127.14182, 37.32709], [127.14204, 37.32669], [127.14213, 37.32657], [127.14215, 37.32654], [127.14224, 37.32645], [127.14235, 37.32634], [127.14237, 37.3263], [127.14246, 37.32577], [127.14243, 37.32573], [127.1424, 37.32571], [127.14236, 37.32567], [127.14227, 37.32562], [127.14208, 37.32553], [127.1416, 37.32531], [127.14148, 37.32527], [127.14141, 37.32525], [127.14117, 37.32521], [127.14094, 37.32508], [127.14085, 37.32498], [127.14076, 37.32487], [127.1407, 37.3247], [127.14061, 37.32455], [127.14048, 37.32437], [127.14039, 37.32428], [127.14024, 37.32422], [127.14007, 37.32419], [127.13996, 37.32417], [127.13982, 37.32418], [127.13969, 37.3242], [127.13955, 37.32431], [127.13948, 37.3244], [127.13932, 37.32455], [127.13891, 37.32482], [127.13877, 37.32491], [127.13865, 37.32493], [127.13857, 37.32493], [127.13853, 37.32492], [127.13849, 37.32492], [127.13832, 37.32482], [127.13828, 37.3248], [127.13824, 37.32477], [127.13813, 37.32468], [127.13803, 37.32458], [127.13793, 37.32449], [127.1378, 37.3244], [127.13774, 37.32436], [127.13764, 37.32433], [127.13756, 37.32431], [127.13751, 37.32432], [127.13744, 37.32433], [127.13725, 37.32439], [127.13688, 37.3246], [127.13678, 37.32465], [127.13668, 37.32468], [127.1366, 37.3247], [127.13654, 37.3247], [127.13574, 37.32454], [127.13566, 37.32451], [127.13561, 37.32448], [127.13557, 37.32445], [127.13552, 37.32441], [127.1354, 37.32431], [127.13511, 37.3241], [127.13495, 37.324], [127.13488, 37.32396], [127.1348, 37.32389], [127.13461, 37.32374], [127.13445, 37.32365], [127.13424, 37.32355], [127.13411, 37.32351], [127.13401, 37.32346], [127.13395, 37.32343], [127.13393, 37.3234], [127.13372, 37.32316], [127.13349, 37.32286], [127.13334, 37.32271], [127.13328, 37.32266], [127.1332, 37.32262], [127.13307, 37.32256], [127.13296, 37.32253], [127.13282, 37.32249], [127.13278, 37.32248], [127.1327, 37.32244], [127.13265, 37.32241], [127.13259, 37.32237], [127.13373, 37.32173], [127.13395, 37.32157], [127.13463, 37.31984], [127.1304, 37.31792], [127.12709, 37.31539], [127.12585, 37.31523], [127.12626, 37.31626], [127.12708, 37.31842], [127.12669, 37.3192], [127.1266, 37.31933], [127.12456, 37.32127], [127.12453, 37.32128], [127.12337, 37.3214], [127.12331, 37.3214], [127.12328, 37.3214], [127.12221, 37.32126], [127.11765, 37.32092], [127.1169, 37.32091], [127.1131, 37.3209], [127.1131, 37.32104], [127.1131, 37.32117], [127.1131, 37.32207], [127.11304, 37.32229], [127.11171, 37.32397], [127.11151, 37.32412], [127.11135, 37.32421], [127.1108, 37.32423], [127.11123, 37.32452], [127.11143, 37.32466], [127.11152, 37.32478], [127.11161, 37.325], [127.11164, 37.32515], [127.11163, 37.3254], [127.1116, 37.32562], [127.11135, 37.32649], [127.11121, 37.32683]]]]}}, {"type": "Feature", "properties": {"행정코드": "4146555000", "동": "죽전2동", "구": "수지구"}, "geometry": {"type": "MultiPolygon", "coordinates": [[[[127.11275, 37.33569], [127.11308, 37.33423], [127.11326, 37.33342], [127.11327, 37.33338], [127.1133, 37.33306], [127.11332, 37.33276], [127.11334, 37.33182], [127.1133, 37.33155], [127.11315, 37.33127], [127.11263, 37.3305], [127.11178, 37.32922], [127.1117, 37.32909], [127.11146, 37.32863], [127.11132, 37.32832], [127.11131, 37.32828], [127.11126, 37.32817], [127.11123, 37.32807], [127.11116, 37.32781], [127.11113, 37.32764], [127.11112, 37.32724], [127.11112, 37.32705], [127.11121, 37.32683], [127.11135, 37.32649], [127.1116, 37.32562], [127.11163, 37.3254], [127.11164, 37.32515], [127.11161, 37.325], [127.11152, 37.32478], [127.11143, 37.32466], [127.11123, 37.32452], [127.1108, 37.32423], [127.10457, 37.32364], [127.10298, 37.32423], [127.10295, 37.32473], [127.10292, 37.32527], [127.10281, 37.32923], [127.10277, 37.33088], [127.10277, 37.33136], [127.10276, 37.33219], [127.10276, 37.33225], [127.10276, 37.33237], [127.10278, 37.33319], [127.1027, 37.33996], [127.10307, 37.33957], [127.10397, 37.33861], [127.1048, 37.33809], [127.105, 37.33799], [127.10515, 37.33793], [127.10518, 37.33791], [127.10544, 37.33783], [127.10562, 37.33778], [127.1064, 37.3374], [127.10694, 37.33715], [127.10896, 37.33601], [127.11031, 37.33464], [127.11275, 37.33569]]]]}}, {"type": "Feature", "properties": {"행정코드": "4146556000", "동": "동천동", "구": "수지구"}, "geometry": {"type": "MultiPolygon", "coordinates": [[[[127.07454, 37.35317], [127.07459, 37.35282], [127.07463, 37.35272], [127.07483, 37.35219], [127.07506, 37.3517], [127.07521, 37.35143], [127.07552, 37.35105], [127.07618, 37.35026], [127.07651, 37.34992], [127.07713, 37.3494], [127.07748, 37.34916], [127.07762, 37.34908], [127.07774, 37.34905], [127.078, 37.34907], [127.0781, 37.3491], [127.07866, 37.34934], [127.07987, 37.34985], [127.08004, 37.34993], [127.08084, 37.35039], [127.08123, 37.35073], [127.0813, 37.35081], [127.0815, 37.35096], [127.08175, 37.35114], [127.08244, 37.3516], [127.08267, 37.35174], [127.08273, 37.35176], [127.08283, 37.3518], [127.08356, 37.35203], [127.08368, 37.35206], [127.08373, 37.35206], [127.08378, 37.35206], [127.08443, 37.35206], [127.08459, 37.35203], [127.08464, 37.35202], [127.08549, 37.35179], [127.08572, 37.35172], [127.0862, 37.35153], [127.08633, 37.35147], [127.0864, 37.35142], [127.08699, 37.35096], [127.08701, 37.35093], [127.0871, 37.35069], [127.08714, 37.35044], [127.08715, 37.35005], [127.08719, 37.34991], [127.08722, 37.3498], [127.08728, 37.34967], [127.08731, 37.34961], [127.0875, 37.34939], [127.08776, 37.34915], [127.0878, 37.34911], [127.08795, 37.34899], [127.08817, 37.34882], [127.08837, 37.34869], [127.08887, 37.3484], [127.09048, 37.34778], [127.09246, 37.34713], [127.09679, 37.3434], [127.0969, 37.3433], [127.09699, 37.34322], [127.09705, 37.3432], [127.09789, 37.34301], [127.09814, 37.34299], [127.10116, 37.34311], [127.10225, 37.34241], [127.1027, 37.33996], [127.10278, 37.33319], [127.10187, 37.33319], [127.10088, 37.33318], [127.09924, 37.33318], [127.09916, 37.33317], [127.0952, 37.33319], [127.09367, 37.33374], [127.09273, 37.32953], [127.08966, 37.33032], [127.08969, 37.33077], [127.08938, 37.33152], [127.08534, 37.33298], [127.08526, 37.333], [127.08431, 37.33316], [127.08247, 37.33336], [127.0824, 37.33336], [127.08223, 37.3333], [127.08152, 37.33284], [127.0814, 37.33276], [127.08019, 37.33175], [127.07793, 37.33238], [127.07309, 37.3339], [127.06895, 37.33525], [127.06892, 37.33548], [127.06889, 37.33556], [127.06884, 37.33567], [127.06869, 37.33585], [127.06866, 37.33589], [127.06848, 37.3361], [127.06822, 37.33639], [127.0681, 37.33651], [127.06698, 37.33744], [127.06681, 37.33755], [127.06659, 37.3377], [127.06134, 37.33999], [127.05837, 37.34111], [127.0582, 37.34117], [127.05276, 37.34218], [127.05267, 37.34218], [127.05244, 37.34217], [127.05223, 37.34213], [127.05104, 37.34183], [127.04433, 37.34233], [127.04399, 37.34228], [127.04365, 37.34215], [127.0435, 37.34206], [127.04282, 37.34176], [127.04256, 37.34167], [127.04158, 37.34149], [127.04139, 37.34147], [127.04112, 37.34147], [127.04082, 37.3415], [127.04037, 37.34157], [127.04003, 37.34171], [127.03981, 37.34181], [127.0397, 37.34186], [127.0377, 37.3428], [127.03764, 37.34286], [127.03725, 37.34368], [127.03596, 37.34469], [127.03344, 37.34471], [127.03195, 37.34541], [127.02901, 37.34738], [127.02878, 37.34758], [127.02867, 37.34762], [127.02649, 37.34855], [127.02631, 37.34862], [127.02611, 37.34862], [127.02508, 37.34854], [127.01881, 37.35156], [127.01687, 37.35375], [127.01613, 37.35664], [127.01609, 37.35693], [127.01611, 37.35711], [127.01613, 37.35724], [127.01637, 37.35775], [127.01704, 37.3588], [127.01755, 37.35948], [127.01819, 37.3603], [127.01825, 37.36035], [127.02083, 37.36214], [127.02148, 37.36253], [127.02158, 37.36258], [127.02183, 37.36271], [127.02214, 37.36282], [127.02232, 37.36287], [127.02243, 37.3629], [127.0229, 37.36295], [127.02337, 37.36333], [127.0237, 37.36373], [127.02379, 37.36386], [127.024, 37.36421], [127.02458, 37.3655], [127.02497, 37.36651], [127.02559, 37.36771], [127.02561, 37.36773], [127.0257, 37.36784], [127.0264, 37.36836], [127.02658, 37.36846], [127.02672, 37.36854], [127.02681, 37.36859], [127.02689, 37.36863], [127.02692, 37.36865], [127.02696, 37.36869], [127.02698, 37.36871], [127.02701, 37.36874], [127.02704, 37.36877], [127.02726, 37.36914], [127.02731, 37.36926], [127.02738, 37.36944], [127.02748, 37.36971], [127.02764, 37.37023], [127.02797, 37.37198], [127.02794, 37.37214], [127.02934, 37.37196], [127.02953, 37.37203], [127.02956, 37.37204], [127.0296, 37.37206], [127.03016, 37.37204], [127.0306, 37.37197], [127.03568, 37.37058], [127.04274, 37.36904], [127.04485, 37.36879], [127.04523, 37.36873], [127.04534, 37.3687], [127.04581, 37.36852], [127.04585, 37.36851], [127.04594, 37.36847], [127.04609, 37.36841], [127.04625, 37.36831], [127.04634, 37.36823], [127.04637, 37.36817], [127.04659, 37.36767], [127.04679, 37.36715], [127.04681, 37.3671], [127.04683, 37.36706], [127.04687, 37.36698], [127.04689, 37.36695], [127.04699, 37.3668], [127.04714, 37.36666], [127.0474, 37.36649], [127.04965, 37.36523], [127.05098, 37.36472], [127.05162, 37.36443], [127.05186, 37.3643], [127.05207, 37.36419], [127.05251, 37.36391], [127.0527, 37.36377], [127.05288, 37.3636], [127.05301, 37.36344], [127.05305, 37.36336], [127.05311, 37.36326], [127.05315, 37.36303], [127.05317, 37.3628], [127.05313, 37.36264], [127.05309, 37.36251], [127.05292, 37.36224], [127.05283, 37.36211], [127.05282, 37.36202], [127.05282, 37.36196], [127.05284, 37.36167], [127.0529, 37.36128], [127.05295, 37.36113], [127.053, 37.36103], [127.05307, 37.36094], [127.05403, 37.36021], [127.05414, 37.36015], [127.05424, 37.36013], [127.05526, 37.35997], [127.05541, 37.35998], [127.05547, 37.35998], [127.05574, 37.36004], [127.05595, 37.36011], [127.05616, 37.36017], [127.05653, 37.36034], [127.05666, 37.36039], [127.05679, 37.36044], [127.05766, 37.36074], [127.05771, 37.36075], [127.05799, 37.36079], [127.0583, 37.36081], [127.05875, 37.36082], [127.05911, 37.36083], [127.06055, 37.36079], [127.06064, 37.36078], [127.06075, 37.36077], [127.06116, 37.36072], [127.06307, 37.36039], [127.06421, 37.36007], [127.06661, 37.35938], [127.06745, 37.35913], [127.06867, 37.3587], [127.06918, 37.3585], [127.06937, 37.35842], [127.07004, 37.35812], [127.07013, 37.35808], [127.07023, 37.35803], [127.07052, 37.35789], [127.07088, 37.35768], [127.07117, 37.35746], [127.07181, 37.35697], [127.0725, 37.3564], [127.07312, 37.3558], [127.0732, 37.3557], [127.07348, 37.3554], [127.07351, 37.35534], [127.07365, 37.35513], [127.07404, 37.35448], [127.07435, 37.35383], [127.07447, 37.35345], [127.07454, 37.35317]]]]}}, {"type": "Feature", "properties": {"행정코드": "4146558500", "동": "상현3동", "구": "수지구"}, "geometry": {"type": "MultiPolygon", "coordinates": [[[[127.07217, 37.31033], [127.07275, 37.3095], [127.07217, 37.30903], [127.07233, 37.30843], [127.07195, 37.30802], [127.07195, 37.30782], [127.07115, 37.30776], [127.07137, 37.30732], [127.07205, 37.30687], [127.07215, 37.30658], [127.07233, 37.30595], [127.07284, 37.30506], [127.07352, 37.30429], [127.07441, 37.30388], [127.07411, 37.30325], [127.07428, 37.30307], [127.07676, 37.30441], [127.07957, 37.3018], [127.07982, 37.30199], [127.08074, 37.30111], [127.08157, 37.30161], [127.08186, 37.30127], [127.08109, 37.30052], [127.08065, 37.29991], [127.07979, 37.29745], [127.07973, 37.29641], [127.0798, 37.29535], [127.07951, 37.29411], [127.07934, 37.29327], [127.07661, 37.29379], [127.07255, 37.2945], [127.07242, 37.29452], [127.07196, 37.2946], [127.07055, 37.29484], [127.06752, 37.29537], [127.06186, 37.29636], [127.06059, 37.29658], [127.06009, 37.29946], [127.06056, 37.3008], [127.06089, 37.30139], [127.06104, 37.30321], [127.06103, 37.30339], [127.06101, 37.3035], [127.06096, 37.30375], [127.06089, 37.30394], [127.06081, 37.3041], [127.06075, 37.30416], [127.06067, 37.30422], [127.06061, 37.30426], [127.06055, 37.30429], [127.06051, 37.3043], [127.06037, 37.30432], [127.05994, 37.30434], [127.05974, 37.30435], [127.05942, 37.30438], [127.05921, 37.3044], [127.05901, 37.30442], [127.0589, 37.30445], [127.05867, 37.30455], [127.0586, 37.30458], [127.0583, 37.30474], [127.05821, 37.30481], [127.05819, 37.30485], [127.05818, 37.3049], [127.05818, 37.30494], [127.05822, 37.30503], [127.0583, 37.30516], [127.05836, 37.30527], [127.05887, 37.3061], [127.06062, 37.31094], [127.06068, 37.31101], [127.06079, 37.31109], [127.06096, 37.31111], [127.06107, 37.31112], [127.06888, 37.31074], [127.06957, 37.31069], [127.07018, 37.31065], [127.07076, 37.31055], [127.07124, 37.31044], [127.07142, 37.31039], [127.07179, 37.31029], [127.07217, 37.31033]]]]}}, {"type": "Feature", "properties": {"행정코드": "4146558000", "동": "상현2동", "구": "수지구"}, "geometry": {"type": "MultiPolygon", "coordinates": [[[[127.09393, 37.31314], [127.0944, 37.31238], [127.09288, 37.31153], [127.09229, 37.30994], [127.09154, 37.30947], [127.09147, 37.30928], [127.09148, 37.30922], [127.09148, 37.30919], [127.09149, 37.30912], [127.09167, 37.30891], [127.0928, 37.30803], [127.09296, 37.30796], [127.09329, 37.30719], [127.09325, 37.30446], [127.09303, 37.30141], [127.09255, 37.30113], [127.08988, 37.29841], [127.08927, 37.29764], [127.08832, 37.29776], [127.08767, 37.29787], [127.08559, 37.29813], [127.08251, 37.29698], [127.08146, 37.29607], [127.081, 37.29584], [127.08054, 37.29546], [127.0798, 37.29535], [127.07973, 37.29641], [127.07979, 37.29745], [127.08065, 37.29991], [127.08109, 37.30052], [127.08186, 37.30127], [127.08277, 37.3019], [127.08307, 37.30378], [127.08294, 37.30538], [127.08397, 37.3061], [127.08433, 37.30794], [127.08485, 37.30928], [127.08479, 37.30952], [127.0845, 37.30974], [127.08318, 37.31064], [127.08693, 37.31384], [127.08749, 37.31462], [127.09013, 37.31449], [127.09203, 37.31484], [127.09305, 37.31431], [127.09393, 37.31314]]]]}}, {"type": "Feature", "properties": {"행정코드": "4146559000", "동": "성복동", "구": "수지구"}, "geometry": {"type": "MultiPolygon", "coordinates": [[[[127.08303, 37.31793], [127.08266, 37.31735], [127.08217, 37.31656], [127.08144, 37.31537], [127.08137, 37.31525], [127.08122, 37.31499], [127.0812, 37.31488], [127.08116, 37.31465], [127.08114, 37.31452], [127.08113, 37.31434], [127.08112, 37.31413], [127.08146, 37.31401], [127.08186, 37.31387], [127.08224, 37.31375], [127.08245, 37.3137], [127.08264, 37.31368], [127.0828, 37.31368], [127.08297, 37.31369], [127.08316, 37.31371], [127.08328, 37.31372], [127.08336, 37.31373], [127.08383, 37.31383], [127.08451, 37.31402], [127.0847, 37.31407], [127.0866, 37.31397], [127.08685, 37.31393], [127.08688, 37.3139], [127.08693, 37.31384], [127.08318, 37.31064], [127.08218, 37.31018], [127.08214, 37.31016], [127.08177, 37.31001], [127.08078, 37.31083], [127.07954, 37.31028], [127.0783, 37.31024], [127.07731, 37.31158], [127.07684, 37.31181], [127.07614, 37.31161], [127.07588, 37.31129], [127.07562, 37.31095], [127.07484, 37.31058], [127.07412, 37.31055], [127.074, 37.31053], [127.07264, 37.31037], [127.07238, 37.31034], [127.07217, 37.31033], [127.07179, 37.31029], [127.07142, 37.31039], [127.07124, 37.31044], [127.07076, 37.31055], [127.07018, 37.31065], [127.06957, 37.31069], [127.06888, 37.31074], [127.06107, 37.31112], [127.06096, 37.31111], [127.06079, 37.31109], [127.06068, 37.31101], [127.06062, 37.31094], [127.06054, 37.31098], [127.06033, 37.3111], [127.06022, 37.31116], [127.06, 37.31133], [127.05977, 37.31153], [127.05811, 37.31337], [127.05804, 37.31349], [127.0577, 37.3143], [127.05765, 37.31441], [127.05762, 37.31473], [127.05763, 37.3149], [127.05769, 37.31506], [127.05773, 37.31518], [127.05775, 37.3154], [127.05775, 37.31544], [127.05774, 37.31551], [127.0577, 37.31555], [127.05765, 37.31556], [127.05409, 37.31608], [127.05395, 37.31609], [127.05391, 37.31609], [127.05383, 37.31609], [127.05278, 37.31605], [127.05207, 37.31578], [127.04995, 37.31575], [127.04954, 37.31579], [127.04945, 37.3158], [127.04903, 37.31592], [127.04728, 37.31664], [127.04593, 37.31726], [127.04214, 37.31916], [127.04067, 37.32003], [127.04056, 37.32013], [127.04021, 37.32072], [127.04, 37.32117], [127.03992, 37.32134], [127.03955, 37.32177], [127.03792, 37.32495], [127.03726, 37.32637], [127.03725, 37.32641], [127.03717, 37.32717], [127.03718, 37.32728], [127.03722, 37.32733], [127.03827, 37.3285], [127.03941, 37.32897], [127.03977, 37.32908], [127.0401, 37.32913], [127.04016, 37.32914], [127.04061, 37.32913], [127.04115, 37.32907], [127.04148, 37.32904], [127.0425, 37.32886], [127.04317, 37.32862], [127.04388, 37.32847], [127.04446, 37.32846], [127.05127, 37.32834], [127.05477, 37.32833], [127.05661, 37.32822], [127.05821, 37.3281], [127.05834, 37.32805], [127.0586, 37.32796], [127.05856, 37.32761], [127.05845, 37.32662], [127.06299, 37.32443], [127.06308, 37.32439], [127.06568, 37.32377], [127.06577, 37.32377], [127.067, 37.32377], [127.06709, 37.32377], [127.06716, 37.32377], [127.06724, 37.32375], [127.06909, 37.3232], [127.06916, 37.32318], [127.07328, 37.3217], [127.07333, 37.32165], [127.07427, 37.32086], [127.07606, 37.32026], [127.07689, 37.32006], [127.07702, 37.32005], [127.07894, 37.31979], [127.08103, 37.31891], [127.08303, 37.31793]]]]}}, {"type": "Feature", "properties": {"행정코드": "4146351600", "동": "영덕1동", "구": "기흥구"}, "geometry": {"type": "MultiPolygon", "coordinates": [[[[127.09981, 37.27007], [127.09933, 37.26973], [127.09588, 37.2703], [127.09212, 37.271], [127.0899, 37.27138], [127.08718, 37.27124], [127.08553, 37.27051], [127.07905, 37.26731], [127.07751, 37.26698], [127.07761, 37.2657], [127.07599, 37.26573], [127.07668, 37.26489], [127.07763, 37.26353], [127.07765, 37.2633], [127.07768, 37.26295], [127.07768, 37.26287], [127.07768, 37.26278], [127.07759, 37.26244], [127.0769, 37.26139], [127.07647, 37.26144], [127.0759, 37.26151], [127.07521, 37.26235], [127.07492, 37.26308], [127.07487, 37.2635], [127.07489, 37.26451], [127.0736, 37.26611], [127.07089, 37.26655], [127.07015, 37.26662], [127.06995, 37.26673], [127.06989, 37.26678], [127.06983, 37.26684], [127.06848, 37.26868], [127.06504, 37.27025], [127.06478, 37.27044], [127.06475, 37.27052], [127.06472, 37.27059], [127.06467, 37.27101], [127.06466, 37.27111], [127.06621, 37.27309], [127.06693, 37.27394], [127.06793, 37.27447], [127.06799, 37.2748], [127.06806, 37.27561], [127.06928, 37.2773], [127.06954, 37.27874], [127.07042, 37.2793], [127.07541, 37.28224], [127.07722, 37.28299], [127.0788, 37.28349], [127.08168, 37.28463], [127.08413, 37.28632], [127.08467, 37.28632], [127.08533, 37.28612], [127.0856, 37.28604], [127.08652, 37.28608], [127.08673, 37.28612], [127.08709, 37.2862], [127.08755, 37.28638], [127.08817, 37.28662], [127.08863, 37.28687], [127.09355, 37.28644], [127.09453, 37.28547], [127.09595, 37.28404], [127.09603, 37.2836], [127.09602, 37.28343], [127.09598, 37.28328], [127.09593, 37.28322], [127.09511, 37.28287], [127.09498, 37.28284], [127.09489, 37.28285], [127.09481, 37.28289], [127.0948, 37.28293], [127.09479, 37.28295], [127.09485, 37.28302], [127.09491, 37.28308], [127.09495, 37.28312], [127.09498, 37.28319], [127.09497, 37.28323], [127.09495, 37.28327], [127.09478, 37.28349], [127.09473, 37.28356], [127.09346, 37.28413], [127.09137, 37.28445], [127.09134, 37.28444], [127.09124, 37.28443], [127.08778, 37.28304], [127.0901, 37.27914], [127.0902, 37.27901], [127.09026, 37.27894], [127.09081, 37.27834], [127.09146, 37.27788], [127.0938, 37.27697], [127.09417, 37.27642], [127.09491, 37.2753], [127.09568, 37.27414], [127.09572, 37.2741], [127.09651, 37.27372], [127.0976, 37.27321], [127.09912, 37.2725], [127.09981, 37.27007]]]]}}, {"type": "Feature", "properties": {"행정코드": "4146353000", "동": "상갈동", "구": "기흥구"}, "geometry": {"type": "MultiPolygon", "coordinates": [[[[127.12676, 37.26603], [127.12538, 37.26464], [127.12346, 37.26367], [127.12165, 37.26418], [127.11906, 37.26427], [127.11775, 37.26346], [127.11779, 37.26263], [127.11678, 37.2618], [127.11513, 37.26084], [127.11416, 37.26129], [127.11322, 37.26062], [127.11208, 37.26111], [127.1104, 37.261], [127.10684, 37.261], [127.1057, 37.26082], [127.10553, 37.26042], [127.10436, 37.25996], [127.10416, 37.26119], [127.10332, 37.26128], [127.10197, 37.26098], [127.1015, 37.26034], [127.09982, 37.25886], [127.09823, 37.26003], [127.09857, 37.26075], [127.09924, 37.26194], [127.1004, 37.26481], [127.10123, 37.26726], [127.10153, 37.26836], [127.102, 37.26873], [127.10248, 37.269], [127.10376, 37.26954], [127.10379, 37.26955], [127.10915, 37.27088], [127.11087, 37.27109], [127.11297, 37.27187], [127.11357, 37.27149], [127.11408, 37.27159], [127.1142, 37.27161], [127.11656, 37.27158], [127.1166, 37.27157], [127.11721, 37.27127], [127.11723, 37.27124], [127.11723, 37.2712], [127.11718, 37.27094], [127.11704, 37.27064], [127.11698, 37.27046], [127.11693, 37.27034], [127.11689, 37.2702], [127.1169, 37.27014], [127.11691, 37.27011], [127.11694, 37.27002], [127.11698, 37.26991], [127.11702, 37.26983], [127.11708, 37.26973], [127.11721, 37.26958], [127.11736, 37.26947], [127.11782, 37.26925], [127.12175, 37.2678], [127.12451, 37.2668], [127.12563, 37.2664], [127.12676, 37.26603]]]]}}, {"type": "Feature", "properties": {"행정코드": "4146357500", "동": "동백2동", "구": "기흥구"}, "geometry": {"type": "MultiPolygon", "coordinates": [[[[127.15189, 37.27909], [127.15327, 37.27863], [127.15471, 37.27759], [127.1575, 37.28037], [127.15951, 37.27916], [127.16012, 37.2794], [127.16082, 37.27889], [127.16115, 37.27795], [127.16253, 37.2772], [127.1632, 37.27639], [127.16491, 37.27572], [127.1678, 37.27553], [127.16921, 37.27526], [127.17038, 37.27539], [127.17166, 37.27558], [127.1737, 37.27413], [127.17239, 37.27066], [127.17216, 37.26989], [127.17215, 37.26974], [127.17218, 37.26949], [127.17289, 37.26533], [127.17415, 37.26015], [127.17512, 37.25834], [127.1732, 37.25745], [127.17042, 37.25537], [127.17022, 37.25514], [127.17008, 37.25503], [127.16994, 37.25498], [127.16605, 37.25423], [127.16337, 37.25464], [127.16315, 37.25465], [127.163, 37.25465], [127.16273, 37.25463], [127.16256, 37.2546], [127.16246, 37.25459], [127.15978, 37.25415], [127.15968, 37.25413], [127.15954, 37.25411], [127.15949, 37.25408], [127.15941, 37.25401], [127.15928, 37.25378], [127.15916, 37.25352], [127.15915, 37.25349], [127.15913, 37.25343], [127.15897, 37.25342], [127.15842, 37.25348], [127.158, 37.25355], [127.15707, 37.2537], [127.15697, 37.25388], [127.15693, 37.25394], [127.15659, 37.25501], [127.15659, 37.25554], [127.15668, 37.25604], [127.15668, 37.25629], [127.15636, 37.25695], [127.15402, 37.25917], [127.15258, 37.2605], [127.15155, 37.26146], [127.15029, 37.26283], [127.1501, 37.26304], [127.14974, 37.26343], [127.14865, 37.26466], [127.15059, 37.26603], [127.15146, 37.26718], [127.1521, 37.26809], [127.14979, 37.27156], [127.14829, 37.2748], [127.14802, 37.2755], [127.14809, 37.27596], [127.15091, 37.27818], [127.15189, 37.27909]]]]}}, {"type": "Feature", "properties": {"행정코드": "4146357200", "동": "동백1동", "구": "기흥구"}, "geometry": {"type": "MultiPolygon", "coordinates": [[[[127.1737, 37.27413], [127.17166, 37.27558], [127.17038, 37.27539], [127.16921, 37.27526], [127.1678, 37.27553], [127.16491, 37.27572], [127.1632, 37.27639], [127.16253, 37.2772], [127.16115, 37.27795], [127.16082, 37.27889], [127.16012, 37.2794], [127.15951, 37.27916], [127.1575, 37.28037], [127.15471, 37.27759], [127.15327, 37.27863], [127.15189, 37.27909], [127.15226, 37.27984], [127.1521, 37.28081], [127.14961, 37.29032], [127.15033, 37.29077], [127.15059, 37.29081], [127.1512, 37.29078], [127.15144, 37.29076], [127.15155, 37.29075], [127.15177, 37.29077], [127.15225, 37.29095], [127.15254, 37.29106], [127.15263, 37.2911], [127.15282, 37.29116], [127.15288, 37.29118], [127.1533, 37.29124], [127.15344, 37.29124], [127.15362, 37.29123], [127.1537, 37.29123], [127.15415, 37.29116], [127.15442, 37.29111], [127.1547, 37.29111], [127.15518, 37.29131], [127.15559, 37.29149], [127.15602, 37.29178], [127.1562, 37.29188], [127.15637, 37.29195], [127.15645, 37.29197], [127.15655, 37.29199], [127.15677, 37.29201], [127.15922, 37.29222], [127.16049, 37.29226], [127.16077, 37.29232], [127.16097, 37.2924], [127.1612, 37.29255], [127.16128, 37.2926], [127.1615, 37.29283], [127.16339, 37.29502], [127.16694, 37.30071], [127.16707, 37.30104], [127.16724, 37.30169], [127.17015, 37.2997], [127.17149, 37.29661], [127.17159, 37.29636], [127.17163, 37.2962], [127.1719, 37.29482], [127.17191, 37.29465], [127.17179, 37.29397], [127.17176, 37.29389], [127.17168, 37.29375], [127.17154, 37.29358], [127.17129, 37.29339], [127.17098, 37.29318], [127.17086, 37.29309], [127.17068, 37.29296], [127.17059, 37.29285], [127.17054, 37.29272], [127.17046, 37.29227], [127.17044, 37.29206], [127.17043, 37.29202], [127.17045, 37.29196], [127.17046, 37.29194], [127.17054, 37.29186], [127.17165, 37.29086], [127.17177, 37.29076], [127.1719, 37.29068], [127.17271, 37.29041], [127.17328, 37.29021], [127.17375, 37.29], [127.17398, 37.28986], [127.17418, 37.28974], [127.17442, 37.28956], [127.17469, 37.28921], [127.17489, 37.28887], [127.1771, 37.28498], [127.17711, 37.28481], [127.17711, 37.28457], [127.17709, 37.2843], [127.17693, 37.2822], [127.1769, 37.28195], [127.17498, 37.27728], [127.1737, 37.27413]]]]}}, {"type": "Feature", "properties": {"행정코드": "4146152500", "동": "역북동", "구": "처인구"}, "geometry": {"type": "MultiPolygon", "coordinates": [[[[127.17056, 37.22528], [127.17016, 37.22565], [127.1705, 37.22726], [127.17169, 37.22934], [127.17312, 37.23062], [127.17493, 37.23239], [127.17613, 37.23332], [127.17674, 37.23543], [127.17779, 37.23668], [127.17948, 37.23839], [127.18033, 37.23938], [127.18037, 37.2404], [127.18223, 37.24115], [127.18246, 37.24214], [127.18106, 37.24295], [127.17876, 37.24359], [127.17605, 37.24445], [127.17585, 37.24507], [127.17461, 37.24569], [127.17487, 37.24662], [127.17534, 37.24712], [127.17557, 37.24808], [127.17537, 37.24895], [127.17618, 37.25019], [127.17567, 37.25189], [127.17578, 37.25295], [127.17604, 37.25388], [127.17691, 37.25466], [127.17845, 37.25478], [127.17906, 37.25489], [127.18206, 37.25545], [127.18504, 37.25601], [127.18588, 37.25615], [127.18692, 37.25628], [127.18708, 37.2563], [127.18719, 37.25631], [127.19305, 37.25579], [127.19714, 37.25463], [127.19669, 37.25429], [127.1966, 37.25417], [127.19646, 37.25401], [127.19632, 37.25365], [127.19624, 37.25329], [127.19666, 37.25116], [127.19668, 37.25105], [127.19689, 37.25061], [127.19699, 37.25049], [127.19716, 37.25029], [127.19973, 37.24757], [127.20224, 37.24582], [127.20184, 37.2428], [127.19968, 37.23865], [127.1996, 37.23855], [127.19956, 37.23851], [127.19823, 37.23716], [127.19451, 37.23609], [127.19202, 37.23546], [127.19092, 37.23433], [127.1909, 37.23418], [127.19086, 37.23386], [127.19077, 37.23063], [127.19094, 37.22757], [127.19096, 37.22753], [127.19099, 37.22745], [127.19089, 37.22732], [127.19065, 37.2271], [127.19001, 37.22654], [127.18986, 37.22648], [127.18792, 37.22615], [127.18439, 37.22644], [127.18416, 37.22646], [127.17883, 37.22648], [127.17727, 37.22632], [127.17722, 37.2263], [127.17711, 37.22627], [127.17691, 37.22616], [127.17441, 37.22459], [127.17429, 37.22467], [127.17222, 37.22559], [127.17201, 37.22563], [127.17057, 37.22534], [127.17056, 37.22528]]]]}}, {"type": "Feature", "properties": {"행정코드": "4146554000", "동": "죽전1동", "구": "수지구"}, "geometry": {"type": "MultiPolygon", "coordinates": [[[[127.14132, 37.32908], [127.14086, 37.32893], [127.13861, 37.32824], [127.13756, 37.3283], [127.13686, 37.32805], [127.13554, 37.32783], [127.13376, 37.32758], [127.13151, 37.32698], [127.13081, 37.32716], [127.12937, 37.32759], [127.1291, 37.32803], [127.12913, 37.32877], [127.12878, 37.3292], [127.12828, 37.32945], [127.12672, 37.32972], [127.12482, 37.32969], [127.12323, 37.3299], [127.12105, 37.33029], [127.11865, 37.32979], [127.11589, 37.32916], [127.11485, 37.32869], [127.11249, 37.3272], [127.11121, 37.32683], [127.11112, 37.32705], [127.11112, 37.32724], [127.11113, 37.32764], [127.11116, 37.32781], [127.11123, 37.32807], [127.11126, 37.32817], [127.11131, 37.32828], [127.11132, 37.32832], [127.11146, 37.32863], [127.1117, 37.32909], [127.11178, 37.32922], [127.11263, 37.3305], [127.11315, 37.33127], [127.1133, 37.33155], [127.11334, 37.33182], [127.11332, 37.33276], [127.1133, 37.33306], [127.11327, 37.33338], [127.11326, 37.33342], [127.11308, 37.33423], [127.11275, 37.33569], [127.11286, 37.33569], [127.11291, 37.3357], [127.11297, 37.3357], [127.11308, 37.3357], [127.1133, 37.33567], [127.1134, 37.33566], [127.11398, 37.33551], [127.11467, 37.33528], [127.11498, 37.33505], [127.11509, 37.3349], [127.11515, 37.33477], [127.11524, 37.33465], [127.11565, 37.33428], [127.11673, 37.33351], [127.11677, 37.33348], [127.1168, 37.33346], [127.11688, 37.33341], [127.11699, 37.33341], [127.11702, 37.3334], [127.11707, 37.3334], [127.11721, 37.33343], [127.1197, 37.33408], [127.12041, 37.33429], [127.12072, 37.33441], [127.12128, 37.33477], [127.12134, 37.33482], [127.12136, 37.33486], [127.1214, 37.33495], [127.1214, 37.33498], [127.12329, 37.33701], [127.12652, 37.33739], [127.1296, 37.33748], [127.13047, 37.33762], [127.13053, 37.33764], [127.13339, 37.33861], [127.13634, 37.33964], [127.13707, 37.33939], [127.13765, 37.33942], [127.13792, 37.33943], [127.13839, 37.3394], [127.13844, 37.33939], [127.13848, 37.33937], [127.13863, 37.3393], [127.13922, 37.33901], [127.13929, 37.33898], [127.13941, 37.33891], [127.13954, 37.33884], [127.13971, 37.3387], [127.13999, 37.3384], [127.14186, 37.33631], [127.14175, 37.33571], [127.14142, 37.33268], [127.14135, 37.33192], [127.14132, 37.32908]]]]}}, {"type": "Feature", "properties": {"행정코드": "4146557000", "동": "상현1동", "구": "수지구"}, "geometry": {"type": "MultiPolygon", "coordinates": [[[[127.08186, 37.30127], [127.08157, 37.30161], [127.08074, 37.30111], [127.07982, 37.30199], [127.07957, 37.3018], [127.07676, 37.30441], [127.07428, 37.30307], [127.07411, 37.30325], [127.07441, 37.30388], [127.07352, 37.30429], [127.07284, 37.30506], [127.07233, 37.30595], [127.07215, 37.30658], [127.07205, 37.30687], [127.07137, 37.30732], [127.07115, 37.30776], [127.07195, 37.30782], [127.07195, 37.30802], [127.07233, 37.30843], [127.07217, 37.30903], [127.07275, 37.3095], [127.07217, 37.31033], [127.07238, 37.31034], [127.07264, 37.31037], [127.074, 37.31053], [127.07412, 37.31055], [127.07484, 37.31058], [127.07562, 37.31095], [127.07588, 37.31129], [127.07614, 37.31161], [127.07684, 37.31181], [127.07731, 37.31158], [127.0783, 37.31024], [127.07954, 37.31028], [127.08078, 37.31083], [127.08177, 37.31001], [127.08214, 37.31016], [127.08218, 37.31018], [127.08318, 37.31064], [127.0845, 37.30974], [127.08479, 37.30952], [127.08485, 37.30928], [127.08433, 37.30794], [127.08397, 37.3061], [127.08294, 37.30538], [127.08307, 37.30378], [127.08277, 37.3019], [127.08186, 37.30127]]]]}}, {"type": "Feature", "properties": {"행정코드": "4146153600", "동": "유림2동", "구": "처인구"}, "geometry": {"type": "MultiPolygon", "coordinates": [[[[127.21115, 37.2413], [127.21213, 37.24195], [127.21347, 37.24361], [127.21417, 37.2452], [127.21397, 37.24715], [127.21406, 37.24866], [127.21562, 37.25022], [127.21751, 37.25156], [127.21887, 37.25295], [127.21916, 37.25461], [127.21845, 37.25734], [127.21743, 37.25998], [127.21582, 37.26234], [127.21402, 37.26543], [127.21423, 37.26545], [127.21625, 37.26565], [127.21672, 37.26573], [127.21889, 37.26602], [127.22085, 37.26628], [127.22135, 37.26632], [127.22165, 37.26635], [127.22583, 37.26662], [127.22751, 37.26628], [127.22784, 37.26617], [127.22793, 37.26615], [127.22785, 37.26606], [127.22716, 37.26549], [127.227, 37.26539], [127.22635, 37.26421], [127.22996, 37.26044], [127.23018, 37.26028], [127.23028, 37.26023], [127.23034, 37.2602], [127.23157, 37.25977], [127.2317, 37.25972], [127.23179, 37.25969], [127.23201, 37.25966], [127.23587, 37.26004], [127.23684, 37.26066], [127.23706, 37.26029], [127.23753, 37.25923], [127.23756, 37.25913], [127.2376, 37.25901], [127.23761, 37.25892], [127.23788, 37.25419], [127.23788, 37.25408], [127.23613, 37.2527], [127.236, 37.25261], [127.23588, 37.25252], [127.23547, 37.25238], [127.2351, 37.2523], [127.23505, 37.25228], [127.23445, 37.25212], [127.2344, 37.2521], [127.23425, 37.25205], [127.23404, 37.25195], [127.23391, 37.25187], [127.23386, 37.25183], [127.23373, 37.25169], [127.23208, 37.24958], [127.232, 37.24946], [127.232, 37.24937], [127.23202, 37.2493], [127.23211, 37.24921], [127.2322, 37.24917], [127.23335, 37.24899], [127.23391, 37.24893], [127.23405, 37.24893], [127.23412, 37.24893], [127.23424, 37.24895], [127.23566, 37.24939], [127.23596, 37.24949], [127.23618, 37.24957], [127.23637, 37.24969], [127.23648, 37.24971], [127.23658, 37.24974], [127.23687, 37.24978], [127.2371, 37.24971], [127.23747, 37.24959], [127.24106, 37.24832], [127.24151, 37.24812], [127.24183, 37.24792], [127.24224, 37.24765], [127.24287, 37.24658], [127.24289, 37.24648], [127.2429, 37.24642], [127.24291, 37.24637], [127.24293, 37.24613], [127.24287, 37.2457], [127.24299, 37.24391], [127.24304, 37.24347], [127.24305, 37.24342], [127.2431, 37.24324], [127.24313, 37.24316], [127.24318, 37.24304], [127.24328, 37.2429], [127.24331, 37.24286], [127.24414, 37.24189], [127.24532, 37.24087], [127.24665, 37.23864], [127.23506, 37.24071], [127.23491, 37.24061], [127.23373, 37.2398], [127.233, 37.23846], [127.23219, 37.23756], [127.23038, 37.23555], [127.23035, 37.23552], [127.22649, 37.23437], [127.22644, 37.23436], [127.2256, 37.23417], [127.22325, 37.23391], [127.22252, 37.23384], [127.22218, 37.23385], [127.22173, 37.23394], [127.22129, 37.23409], [127.21641, 37.23603], [127.21614, 37.23631], [127.21602, 37.23655], [127.21596, 37.23668], [127.21595, 37.23674], [127.2159, 37.23709], [127.21589, 37.23724], [127.21585, 37.23771], [127.21585, 37.23779], [127.2158, 37.23795], [127.21572, 37.23819], [127.21567, 37.23825], [127.21553, 37.23842], [127.21241, 37.24018], [127.21184, 37.24042], [127.21116, 37.24126], [127.21115, 37.2413]]]]}}]}